show_id,A,B,C,E,G,H,I,J,L,M,N,O,A_was_rescaled,J_was_reconstructed
TE0000,0.433881591,1.771334721,1.208384937,-1.019235143,1.175704821,-1.341611422,0.686120292,-1.336080851,-0.705364889,1.526441368,-2.357931919,0.038374113,0,0
TE0001,0.6665716599,1.451281364,2.29672106,-0.054188769,-1.59098805,0.328200919,1.381210339,0.071679193,2.3401453,-0.113971402,-3.203692987,1.145363408,1,0
TE0002,1.342438386,1.574999256,0.303947017,-1.123950634,0.292407289,-0.67515571,-0.248348617,0.050673751,-0.876823796,1.388039945,0.11589594,-1.350621554,0,0
TE0003,1.647406924,1.215042985,1.954677445,-0.163426194,0.278651216,-1.167301728,-0.475716557,-1.961938457,-0.101109366,0.483085499,-2.763720401,-0.052881936,0,0
TE0004,1.654809072,0.84690346,-1.605326091,-2.189854799,1.406946334,-0.435604716,0.070639595,2.702350693,-0.018499927,1.006984564,3.203437628,1.213129373,0,0
TE0005,2.64419353,0.50853567,-1.075427616,-0.785422144,-0.189604043,-1.426405051,-2.448030065,0.755235462,-1.895481849,0.823789296,3.479199774,-0.006941867,0,0
TE0006,2.150707853,0.059975088,1.907000031,0.464362205,1.517784332,1.107406043,0.23989055,-0.465434555,2.818707573,-1.312459169,-2.752578375,-0.631820128,0,0
TE0007,0.841283027,1.904878352,-0.34012971,-0.398235478,-0.947535164,0.788154739,-1.453225956,-2.335121239,-4.620983259,3.078008789,0.406511957,0.626907953,0,0
TE0008,0.569930908,0.27012074,-0.948053235,0.001803766,-0.359211396,1.677912383,-0.099405815,-0.291343835,-1.287483522,1.0354933,0.748416194,-0.217389422,0,0
TE0009,0.189877582,1.273030468,0.277708359,0.00102739,-1.566843432,1.360846912,1.754054032,1.144858033,1.168509988,0.808977416,-0.860926181,0.10207742,0,0
TE0010,-1.38337576,-0.795089547,-0.294464668,0.65698085,-0.194004023,-0.800355853,1.739019327,-0.01635365,1.248013199,-0.524019659,-1.315202557,-1.233371471,0,0
TE0011,3.075627484,5.520172377,2.680921134,0.003687641,0.834831231,1.009004351,-2.065754435,0.652561245,-2.750792716,3.649590679,0.653443317,0.636927912,0,0
TE0012,0.264332581,0.54612022,1.357310141,0.443082378,-0.176049159,-0.141382333,1.997614477,-0.842201694,2.008455007,-0.073384925,-3.67651482,-0.356120419,0,0
TE0013,-0.175629763,0.450215595,-0.10227719,0.463232434,-2.103997346,0.584624384,0.07089071,-1.317640186,-1.455134999,1.048104866,-0.731524625,-0.13169311,0,0
TE0014,-0.824049803,-0.774573539,-0.357207807,-2.301209072,-1.168162499,-1.471784327,-0.633015936,-2.164533228,-1.840271764,0.222113265,-0.584077608,0.059241014,0,0
TE0015,2.662032996,1.366919585,-0.490563694,0.840178636,0.905995038,-0.283355378,-2.945674239,-1.732617763,-4.169397484,2.21530402,1.896203072,1.602110577,0,0
TE0016,1.926368505,0.414131944,-1.086235101,0.480445535,-0.888173367,1.138282787,-1.3006322,0.271536781,-1.545450305,0.970686556,2.18172745,-0.931959524,0,0
TE0017,-1.189846436,0.312982755,0.234872232,0.00101662,0.533577043,2.16442696,1.525709119,-2.186254377,-0.83591874,1.060588784,-2.868671143,0.688785382,0,0
TE0018,1.112231709,-0.421777868,1.53156922,1.733260655,-1.753942903,0.022251204,-2.092525603,-3.000124031,-1.023014204,-0.630082722,-1.846012314,1.062009112,0,0
TE0019,1.537627563,1.637731627,1.851629743,0.465263294,-1.580138497,0.585546388,0.774514319,0.762840929,2.043454989,0.090807971,-1.85217676,0.221797882,0,0
TE0020,-1.173906005,-3.171852472,0.600855219,0.607812015,-0.083260512,-0.277475299,-2.314349486,-1.042258065,0.919388155,-3.498701465,0.349809221,-0.767801672,0,0
TE0021,0.762585977,-1.415779773,-2.074902749,-0.952730179,0.627780287,-0.952104656,-0.775710479,-0.6257481235411444,-1.370919222,0.081650338,1.770712613,-0.759085594,0,1
TE0022,0.4199432,1.248106153,1.403179508,-0.63663332,-1.074263644,-1.310461427,-1.230419368,1.386567577,0.2914332,-0.172368845,1.024231101,0.706921593,0,0
TE0023,1.083522395,-0.852861858,-1.679397228,-0.365708363,0.371949646,-0.026644452,-1.974632376,-1.36044563,-2.815628603,0.633691269,2.107563168,1.477951648,0,0
TE0024,1.356431535,1.973931838,0.600960117,-0.894912365,0.922725023,-0.750541875,0.063725975,-1.8014574722850123,-1.926310946,2.268138677,-1.639706822,0.488320725,0,1
TE0025,0.246654412,0.355277417,-0.282460437,1.205278377,-1.836533196,-0.41764456,0.507265008,-0.772363707,-0.656301831,0.853459786,-0.705205671,-1.733316218,0,0
TE0026,0.868142206,0.676614195,-0.340597894,-0.804812333,-0.501198457,0.400478422,-0.592419617,-0.801305316554885,-1.654329958,1.194900855,0.334400552,0.309607053,0,1
TE0027,0.808627739,-2.149390359,-2.120008823,-1.052194945,-0.1662568,0.908579955,-2.154831408,-1.43553575,-2.239121147,-0.431970068,2.374648414,0.302179312,0,0
TE0028,-1.677490608,0.454734994,0.415644239,-0.697352213,-0.940354702,-0.580734687,-2.076542507,0.571664207,-2.071470696,0.107629318,2.408684538,-0.640847392,0,0
TE0029,-0.316158488,-1.596858294,-1.502335245,-0.550723457,1.180244187,0.620713786,-1.842968279,-3.919577917,-4.041123684,0.700160314,0.138628499,-0.008268429,0,0
TE0030,0.872897209,2.004772207,2.615958884,2.262615766,0.001687085,1.392686091,0.652986092,1.184900729,2.337585019,-0.151553461,-1.950238564,-2.020942691,0,0
TE0031,0.832257723,1.292457568,0.305093364,2.182079796,-0.437271816,-1.190282252,-0.159285711,-0.935304338,-1.380446856,1.464636092,-0.620212395,2.273712292,0,0
TE0032,2.448360304,1.531307592,-0.697858827,-0.679696935,0.757478129,-0.23693766,-1.165835071,-0.551850884,-2.492695417,2.171723073,1.296646358,0.909609326,0,0
TE0033,0.770754156,-1.060622337,0.801854898,0.200893692,0.569864277,-0.112615594,0.752312429,-2.640734770298417,1.193343488,-0.869422139,-3.702974106,-0.981818626,0,1
TE0034,0.9638300678999999,-0.714072594,-1.966031678,-0.596890556,-0.190979636,0.042713801,-0.087262221,0.863214885,-0.393987525,0.246260396,2.174190187,-0.858403396,1,0
TE0035,1.022373742,0.536228468,-0.566123924,0.946694109,0.414720104,0.056333337,-0.951579542,0.046544241,-1.409337373,0.887222252,1.407786379,0.297922091,0,0
TE0036,-0.470425137,0.231373137,-0.468510854,0.231223218,0.095018332,0.784672449,-1.143839648,0.628725134,-1.44556043,0.393547531,2.110637654,-0.38858162,0,0
TE0037,0.17294889,0.977277178,0.275893937,-1.363237967,-0.211599655,0.704099961,0.700174652,-0.109948756,-0.172640479,0.912646334,-0.792108765,-0.354434892,0,0
TE0038,-1.160834398,-3.133411309,-1.716523936,-0.861219927,0.854478782,-0.707800198,-0.620103828,-2.233869014,-0.992428064,-1.347410578,0.120808085,-1.125314962,0,0
TE0039,-0.788823938,0.30410992,-0.20662028,-0.984389369,1.868876437,0.830329704,2.877862932,0.370056519,1.60882178,0.455925543,-2.055341799,1.068906964,0,0
TE0040,0.006275115,0.364697867,0.033613893,-1.184779362,1.052803972,-1.034700688,0.867170386,-1.840514894,-0.85002977,1.036001125,-2.032556222,-1.777671263,0,0
TE0041,1.421196755,0.388660319,-0.393543116,-0.746484317,0.451861471,1.440921401,-2.870558402,-1.895698925,-3.657258376,1.225306074,1.616792457,1.722126601,0,0
TE0042,2.513798283,1.275236237,1.178320963,-0.516241834,-1.584641541,2.111556762,0.942909277,-0.375563555,1.556883667,0.500136305,-2.436655015,1.305436564,0,0
TE0043,-0.078208641,1.178449652,0.478155375,0.02370351,0.488960469,-1.023946431,0.360547815,-2.3933895131796077,-2.028335804,1.807140864,-2.13396861,-2.333959116,0,1
TE0044,2.211434599,1.926638235,-1.280811151,-0.422058009,1.423989866,-0.253280232,-1.32627973,-2.671059003,-5.125177448,3.788971417,0.686270692,-0.018198781,0,0
TE0045,0.017161362,-0.876525823,-0.889619902,-2.295198488,0.68622132,1.271485389,0.958369096,-0.271948161,0.566920066,-0.218443382,-0.476682356,0.388714011,0,0
TE0046,0.845106262,2.738441091,1.673321842,-1.831666749,-1.32445707,-0.042385384,0.225433477,0.5496089674659947,-0.183584845,1.555391145,-0.901513171,-0.542788309,0,1
TE0047,-3.759092135,-0.948692707,0.900684386,-1.434586565,-1.64802112,-1.112292995,-1.750796773,-1.098419368,-1.866800965,-1.029554346,0.543295471,0.032875783,0,0
TE0048,-1.969607676,-0.658482731,-0.214614325,-0.943588125,-0.387637954,-1.747770971,-1.699078652,1.602746041,-0.740368034,-0.999490472,3.135762984,-0.221018214,0,0
TE0049,2.956736333,2.35125017,0.295689534,-0.993157054,-0.575102351,1.675723984,-3.144231612,5.290965966,0.14683329,0.238462242,6.362166451,-0.952305424,0,0
TE0050,2.66795338,3.616647298,2.809799119,0.484976236,1.886856138,-0.366346938,0.180232228,0.94197797,1.146739635,1.420246987,-1.797148899,0.859246094,0,0
TE0051,0.541355239,-0.513792222,1.195030489,-0.852196115,0.55258185,-0.362693933,2.899268598,-0.059120681,4.289815878,-1.410066248,-4.157302255,-0.547673387,0,0
TE0052,1.765001855,-0.411143034,-1.625476567,1.725461687,0.695108719,-0.382390332,-2.195315045,-1.367221613,-3.087518191,1.02638238,2.2399141,-0.213410466,0,0
TE0053,-0.3210659771,-0.636217491,-0.471158815,0.443794815,0.404428072,-1.963184261,1.313466938,-2.410360595,-0.500880543,0.528919567,-2.556635976,-1.158867244,1,0
TE0054,-3.539197751,-1.064816417,0.28613677,0.369459901,0.511189036,0.286713347,-1.567211213,-0.49642817,-1.758506647,-0.941967814,1.293550272,-1.653302068,0,0
TE0055,1.803395474,2.528400846,-0.065075556,-1.850388833,-0.206109556,0.861214814,-1.337814205,-1.408198621,-3.853573241,3.165614551,0.644047412,1.41673505,0,0
TE0056,1.691924478,0.962372587,-0.08744144,1.242483656,0.406837457,-1.867145446,-0.839113646,-1.251021565,-1.794720775,1.416242156,-0.068132695,-0.145062198,0,0
TE0057,-0.887754969,0.430865308,-0.304204855,0.354386125,-0.821195214,-1.697119456,0.691136274,-2.474804669,-2.232885399,1.644504042,-1.793375738,2.247948273,0,0
TE0058,-0.279239267,-1.056555235,-1.472373023,1.135316259,0.77193733,1.025982546,-0.565455105,-0.947031915,-1.630764415,0.243237114,1.069856267,0.393693756,0,0
TE0059,-0.673197329,-2.242571353,-1.84509507,1.592555855,0.611643978,0.252886975,-0.284023844,-1.59140906,-1.157241186,-0.533569835,0.492915066,-0.222209696,0,0
TE0060,1.47711054,2.115395209,0.464096563,-0.420660411,-0.133275096,-0.567857668,1.468487302,1.916600767,1.346099275,1.224640887,-0.273710615,-0.235429453,1,0
TE0061,1.054938197,0.415330196,-0.197089672,1.136600259,-0.171043827,0.320025678,-1.375168755,-0.828851259,-1.778469271,0.787771844,0.822067708,0.978733577,0,0
TE0062,-2.622155522,-0.423016264,1.594224109,0.834118937,-0.724149995,1.382196033,-4.345103077,-0.840543997,-3.042605865,-1.166390528,2.439861541,0.062240337,0,0
TE0063,1.898219503,-1.760066054,-2.704974235,-2.311205629,-0.715175998,-1.566044999,-1.663678583,-0.034266546,-1.471926877,-0.155312947,3.312863934,0.512612179,0,0
TE0064,1.486784831,0.237789071,1.031796852,-1.435755213,-0.327689527,1.715829467,1.953163764,-0.206264617,2.923515355,-0.501184862,-3.200918393,1.444426198,0,0
TE0065,0.515862691,-0.299026437,-0.982351998,0.776937677,0.422907635,1.173811935,0.042644964,-0.44161383,-0.737917769,0.492025859,0.411464401,-0.04288575,0,0
TE0066,-0.446382552,-0.935625782,-1.541727772,0.322181025,-0.092182289,-0.497821145,-0.117028703,-1.680280107,-2.027632138,0.70369496,0.267277399,0.80852524,0,0
TE0067,-0.7137498170000001,1.143376326,1.629365817,-0.556172523,-1.59466439,0.302528076,0.944780762,-0.5841770761652956,0.560067664,0.362603283,-2.419440327,-1.212644496,1,1
TE0068,2.131947652,1.575255764,0.076752697,-0.077913636,-1.852549914,0.010190554,-0.407720723,-0.7983803588906432,-1.429540348,1.784846643,-0.254176009,-0.956094473,0,1
TE0069,1.475995136,0.357817479,-1.051925658,0.88679954,1.157703434,1.159691253,-2.281278986,-2.316023897,-4.101183645,1.816581006,1.372710554,0.253682458,0,0
TE0070,0.775390405,2.143866028,0.304725971,-0.31757944,1.523430065,-0.022270942,0.258568281,-0.940164495,-1.972014595,2.415129523,-0.797412628,-0.87462446,0,0
TE0071,-2.799268604,-3.249275621,1.025133927,0.363063727,1.213694217,0.79673019,-2.452233892,0.504426251,1.594884816,-4.304601727,1.437731867,0.716497795,1,0
TE0072,1.238501323,0.511364995,0.647044416,-0.939181916,-0.945581456,-0.921483259,1.547075093,-0.390347544,1.679373066,0.156459332,-2.461918144,1.694965235,0,0
TE0073,1.984685248,1.121484098,2.010085383,-1.141613459,1.18131074,-0.720115693,1.497243701,0.642914641,3.446981501,-0.576182844,-2.985613589,-0.215566328,0,0
TE0074,1.569838345,-0.474482326,0.082450527,-1.204006353,-1.77992667,-0.722442789,2.224670424,-1.370820078,2.167854791,-0.196345784,-3.554880067,-0.193008771,0,0
TE0075,-1.517790701,-1.342518003,-1.163385124,-1.39649098,0.390688197,-0.404928111,0.673578725,-1.288043061,-0.817138134,-0.058312134,-0.466340708,0.33275423,0,0
TE0076,1.947788626,1.016199034,1.756602775,0.000754196,0.187221385,1.37520674,0.520435378,-0.170794361,1.977964281,-0.233874539,-2.397056505,-1.076332014,0,0
TE0077,-1.468224898,0.270491572,0.300903602,0.24384358,-0.051917319,0.430635681,0.994458069,-2.211450922,-1.283929036,0.990268977,-2.400849021,0.628105718,0,0
TE0078,0.442688981,1.737624469,-0.574474644,-0.547788052,0.963642179,0.094063604,2.055951519,-0.739781765,-1.080331163,2.580818018,-1.571376755,-0.472441999,0,0
TE0079,0.939731089,1.627049735,0.458977463,0.083630855,-0.11877408,-0.46634121,-1.156991565,-0.636118578,-2.111732171,1.595338677,0.450088027,-0.705380333,0,0
TE0080,2.705379709,1.323375413,0.742032002,-0.539596258,-1.421934993,1.0480488,0.991766835,-0.427458477,1.139389002,0.870779436,-2.13084085,0.454804318,0,0
TE0081,1.282050314,0.505952572,-0.621724555,-1.430150162,-0.922807887,1.803238746,-0.080775199,-1.295204747,-1.498805261,1.356504533,-0.347599176,0.984868476,0,0
TE0082,-0.349704391,-1.100133821,-1.308231694,-1.004547505,0.035043284,-0.330084935,-1.340789236,-2.662157904,-3.163623604,0.675249684,0.473303644,0.028755591,0,0
TE0083,-0.847903424,1.562987607,1.494751325,-0.646588365,1.211538678,-0.726436683,0.554957625,-0.443492616,-0.298422001,0.878002779,-1.694804063,-0.056887116,0,0
TE0084,1.103669953,-0.926504123,1.437432338,-1.026350922,2.245646811,-0.772195502,1.994149591,1.814802434,5.732783001,-2.755578324,-2.448477677,0.05293745,0,0
TE0085,-1.530728732,-2.4031967,-1.98429361,0.729251812,0.37692287,-0.902444039,-0.656084492,-3.227577859,-2.878680856,0.028674159,-0.022605232,2.010240688,1,0
TE0086,2.732558742,0.595412285,2.985339998,0.003012338,-0.570572943,-0.624239028,3.853637201,1.647664251,7.87262085,-2.239506806,-5.730054896,-0.285289679,0,0
TE0087,0.23497457,2.025389134,1.569775366,-0.074021912,-0.62615443,0.196340125,-0.208723953,0.004644844,-0.519701522,1.078812526,-0.825887438,-0.29904681,0,0
TE0088,1.792240498,0.955431617,-0.278288841,-0.656670076,-0.624171195,-0.956747287,-1.232922762,1.90206073,-0.214870296,0.424062599,2.635349799,0.165926674,0,0
TE0089,-2.263056836,-0.110741835,-0.886121457,-1.153164427,-0.153154822,-0.633536073,0.336654648,-3.845302328,-4.073395169,2.053969887,-1.718691563,-0.884442848,0,0
TE0090,0.373453671,0.371596559,0.126261868,-0.526409519,-1.721871837,-1.324561441,-0.148580246,-0.800762941,-0.71959789,0.568182948,-0.50905688,-0.349016942,0,0
TE0091,-1.323349106,0.791612844,0.861208621,1.346207786,0.484458853,0.676795184,0.990351369,-1.998001289,-1.037967729,1.07451612,-2.678675517,1.904814287,0,0
TE0092,-0.543800337,1.274061427,2.375978052,-0.484610505,-0.801347925,0.8961515,-1.987356219,-1.263915679,-1.460913946,0.154966754,-0.809297767,-0.365332861,0,0
TE0093,-2.519596466,0.600686012,1.099154654,0.415678185,-0.140190793,0.126978252,-1.388174083,-1.131015637,-2.44767541,0.451957692,0.134915764,-0.717762134,0,0
TE0094,0.863881804,0.057640696,-0.575840456,-1.743658817,-1.637558628,0.829999817,-0.738866146,-0.654064041,-1.276478526,0.628684674,0.644369179,-1.527196573,0,0
TE0095,2.165413598,-0.47746917,-1.601435436,-0.15776101,-0.951202015,1.298070221,-2.969812545,-0.660350581,-2.96267412,0.644870486,3.345515168,0.680451403,0,0
TE0096,-3.300029609,-0.548493174,0.970153203,0.770400734,0.540984201,0.823308036,-2.066596477,-0.739094509,-2.018906248,-0.805952811,1.035769313,-0.38454168,0,0
TE0097,-2.783668808,-0.980659405,0.875856386,-0.682137735,-0.221069579,0.044326617,2.999443352,-2.256722289,1.579354053,-0.653923577,-4.937835393,2.405149576,0,0
TE0098,0.137327376,-0.344980873,-0.654010209,-2.519821707,0.234351809,-1.456889292,-2.154249531,-2.470282759,-3.558481709,0.919013548,0.852655338,0.641983444,0,0
TE0099,-0.578274789,-2.634323902,-2.230521546,-0.001456814,-0.023091229,1.035093901,-2.056308255,-3.282156872,-3.598506001,-0.124954969,1.261633354,1.533126071,0,0
TE0100,0.586179921,-0.561289732,-1.26292857,-0.374856903,1.065082976,1.444816406,-0.467899332,-0.262938125,-1.013498243,0.329617701,1.20608115,2.340688456,0,0
TE0101,-0.69152366,3.492592542,2.442657306,1.151788524,3.183614692,-1.589064496,1.128036446,1.024238871,0.152297915,1.801377865,-1.676464779,0.346830504,0,0
TE0102,1.358914475,-0.127353018,-0.778394032,-0.869321997,0.420434898,-0.1054659,0.602929163,-0.307111785,0.211236463,0.42699129,-0.340958132,-0.062153685,0,0
TE0103,1.772342348,2.949868941,2.507110035,1.457522783,0.45495466,0.060125861,-2.315036636,-1.61070221,-2.499204353,1.839006713,-0.890681259,1.289926256,0,0
TE0104,0.937835664,0.332363285,-0.462994523,0.684806022,1.093640275,1.246233816,0.371904638,-2.863000357,-1.964153512,1.63587032,-1.983489463,0.387248091,0,0
TE0105,-0.25237995,2.235493568,1.640125912,-0.003991281,1.798412773,0.92230519,-1.38914122,-1.418671985,-2.738072613,1.783331498,-0.604692915,0.742539932,0,0
TE0106,-1.214092759,1.501387602,1.228886787,0.223328814,-0.182503018,0.017908321,0.531805426,-1.866861171,-1.619828564,1.531007267,-2.345476368,0.275454459,0,0
TE0107,-0.523371463,3.285105553,1.900623898,0.003567992,-1.841136548,-1.910395731,-0.730773206,2.294594825,-0.767624925,1.477703339,1.392135245,0.246486281,0,0
TE0108,0.429185557,1.487032379,0.772993413,-0.225959101,0.597049977,0.574327298,-0.020595038,-0.525586998,-0.901460766,1.232433412,-0.786698399,-1.562053682,0,0
TE0109,-0.57898789,1.393177199,0.633712247,-0.209932002,-0.994709498,-0.149524735,0.119142523,-1.425114673,-1.882597363,1.628333138,-1.235627446,-0.241385737,0,0
TE0110,0.449011593,1.024452833,0.526884683,-1.797145802,0.789081198,-0.590439486,0.249444604,-0.671971781,-0.549487718,0.953312996,-1.029830046,0.731042981,0,0
TE0111,1.633578362,1.972490238,0.708594855,1.36744716,1.76035525,1.387752226,-2.058625011,-1.408557081,-3.102172824,2.00006196,0.490722004,0.142267772,0,0
TE0112,-1.317323637,-0.888114475,-0.609771001,0.049238831,-1.486795144,0.215152956,-0.466833043,-3.164762411,-2.728839963,0.672289629,-1.124373029,1.003426894,0,0
TE0113,0.563636651,0.604981246,-0.074025133,0.563485461,0.095188124,-0.761706729,0.775684342,0.7347361444895999,0.632489605,0.42692166,-0.119246737,1.832510884,0,1
TE0114,0.874404251,-0.551824137,0.466646516,-0.916780308,1.120715113,-0.929211919,1.19347,-0.338169905,2.190709736,-0.879282195,-2.113605423,0.949759378,0,0
TE0115,-2.007285203,-3.139113351,-2.121442899,-0.218796859,0.714239017,1.225768016,-0.132164275,-2.588000514,-1.644984325,-0.863173032,-0.041353395,0.964427786,0,0
TE0116,-0.319220211,-0.273373699,-0.752946438,0.35129186,0.729543132,-0.842182888,0.787162969,-0.652334842,-0.454954424,0.506323212,-0.490392558,-0.954397669,0,0
TE0117,-1.62247481,-0.175580147,1.628279327,2.632843084,-0.090259335,0.49169784,2.314769834,0.110585407,3.051646423,-1.243043092,-3.394175592,0.43658793,0,0
TE0118,0.487724078,1.604108109,0.695958915,0.629397194,-1.092425597,0.328535951,0.729654385,-0.04557382,-0.177249803,1.253571432,-1.078175436,0.643825143,0,0
TE0119,-1.84359483,-2.351100946,0.774990292,0.214147688,1.664813758,-1.506123035,-3.213043172,-1.124547798,-0.823550166,-2.648947175,1.315076234,0.098986467,0,0
TE0120,0.801843095,1.336935035,1.327555379,1.277076576,0.613701514,-1.27492652,1.91983874,-0.795137442,1.3645014,0.758828205,-3.449097354,0.193015178,0,0
TE0121,-0.714813147,-2.143956817,-0.121879773,-0.756561863,-0.871115248,0.757385138,-0.777306446,-0.018439856,1.164359196,-2.221689342,0.44563802,-1.044472591,0,0
TE0122,1.107453938,1.950708315,0.630674446,0.099962225,1.623995967,2.424686778,-0.067224331,-0.784215563,-1.430270617,1.881738165,-0.801180794,-1.808150757,0,0
TE0123,1.041184788,1.446580659,0.29421951,-0.586097367,0.369284522,-0.410027688,0.27096056,-0.279272742,-0.694754836,1.400704297,-0.569028001,1.7871928,1,0
TE0124,2.071878714,1.725840368,2.041126898,0.002806467,-1.024220827,-0.78531683,1.271803846,1.666658282,3.371165842,-0.302443884,-1.962897894,-0.546305393,0,0
TE0125,0.336061837,2.037713318,0.634356633,-0.003851217,-1.470014536,0.450326977,-0.12409262,-0.352741019,-1.636305843,1.884437913,-0.283379541,-0.116206207,0,0
TE0126,1.23746079,-0.839071245,-1.695744391,-2.943202209,0.045596988,0.162473128,-1.485801558,-1.059947273,-2.197637656,0.549243544,1.839322461,0.163828483,0,0
TE0127,-0.883862391,-1.909937207,-0.294350975,-2.082469444,0.9911233,-0.56414816,-2.390612051,-1.611916729,-1.640175833,-1.287584022,1.135247619,0.518640773,0,0
TE0128,1.812897737,1.049011529,-0.228784888,-1.437543195,-0.284114841,-0.075734621,-0.796994994,0.073513559,-1.089719536,1.138653639,0.935380042,-0.1036737,0,0
TE0129,-0.342210694,-1.114875018,0.080507688,-0.403702468,-0.191968252,-1.162479237,2.572955467,-1.610121257,2.080872298,-0.658382427,-3.839128626,-0.626936993,0,0
TE0130,1.40230554,-1.221488912,-1.12214253,-0.298778726,1.657167048,0.411844872,-3.206946727,-2.354708329,-3.309968013,0.133638762,1.913225082,-0.661219951,0,0
TE0131,-0.483811614,1.493667968,1.083876358,-2.188720279,-0.006078993,-0.349250409,0.30560405,-0.421430297,-0.674337895,1.057030077,-1.141380881,-0.396318055,0,0
TE0132,-0.22819704,1.809740128,0.411545214,1.143364973,0.693194349,-1.322601049,1.382639776,-0.591822897,-0.858485695,1.943260138,-1.615963264,1.381196291,0,0
TE0133,2.114651153,0.119443407,-0.216799682,-1.307411412,-0.692553239,-0.659391977,-1.188336246,1.532213103,0.668481152,-0.436778292,2.010279461,2.153419339,0,0
TE0134,-0.496858603,1.027827091,0.746404359,0.458980481,-1.301643197,0.172482221,0.229785147,-2.17457725774189,-1.741151818,1.402958071,-2.069801152,0.587900108,0,1
TE0135,1.528761239,1.427758095,1.867597672,2.171787387,1.351323054,0.831552341,1.275379716,1.247652408,2.983811838,-0.315075771,-2.05983714,1.403555574,0,0
TE0136,1.832056974,2.95842124,0.905927326,2.284447249,-0.699970971,-0.660290878,-0.387131603,-0.817253926,-2.136731325,2.743305024,-0.66971764,-4.066296585,0,0
TE0137,0.7048746,2.480515579,1.131751768,-0.210142972,0.572313212,-0.922003734,-2.958296699,1.801680043,-2.246629876,1.189113119,3.45930813,-1.557193945,0,0
TE0138,-2.536651377,0.497102993,0.707656883,-1.089940229,-0.411158928,0.340907142,1.590330476,-2.506967555,-1.303070809,1.144913764,-3.292775488,1.284405927,0,0
TE0139,-2.921052393,-1.578095619,-0.467360329,1.216369304,0.33488916,-0.064546342,-2.045375058,1.052644547,-1.107782455,-1.565921556,3.280046579,-1.778486274,0,0
TE0140,1.215615585,-0.907172638,0.965854414,0.000699243,-2.063163624,0.129252357,-0.013692384,0.423469765,2.786275858,-1.941710063,-1.069527097,0.363496971,0,0
TE0141,-1.148103204,1.119572779,-0.459002197,0.383648296,0.57459686,-0.426044965,-1.376630948,-2.801704812,-5.075762606,2.62289101,0.31342423,-0.967550464,0,0
TE0142,0.925310959,0.606764273,2.151624219,0.559697131,-0.434039021,0.302341469,-0.394609098,-0.452675873,1.452032265,-0.800616983,-2.000513497,-1.304592197,0,0
TE0143,2.361852348,2.290826898,1.732672212,0.001545394,-2.172190279,0.574151771,-0.113443284,1.251863889,1.228400781,0.646130756,-0.556237961,-3.352558313,0,0
TE0144,0.816117497,0.641378884,1.018158362,-0.468261899,-1.146049147,0.028794489,1.531385011,-0.648794073,1.561671802,0.157156492,-2.862338006,-0.908200903,0,0
TE0145,3.037813697,0.571798856,-1.475496402,0.137590286,-0.354122312,-0.618613092,-1.310137697,1.350344821,-0.922316183,0.956022966,3.126505437,-0.119000558,0,0
TE0146,2.854903705,0.058985925,-0.329180915,0.182020924,-0.006821526,1.12650931,0.622023704,-0.61220276,0.991845672,0.29640463,-1.236241818,0.345661406,0,0
TE0147,0.448283662,1.895007506,-0.542370728,-0.763629669,-2.71812581,-1.296121859,-0.886617836,-2.510744776,-4.670817469,3.313651488,0.012221141,1.028777449,0,0
TE0148,0.533288042,-2.011722948,0.158051203,-0.421148375,0.776820874,-0.609103591,0.045382486,-0.414926137,2.283638679,-2.227174722,-1.081211505,1.892665243,0,0
TE0149,1.780330541,3.533726028,2.556879558,-0.080941032,-1.156163837,-0.161122815,0.192995344,1.250858146,0.770606799,1.473762624,-1.206848359,-0.187899202,0,0
TE0150,0.041958951,1.04153799,0.68280171,-0.869348568,-0.816220129,-1.914359074,-1.141761484,-0.900967877,-1.833025242,0.954329568,0.069028471,-0.704969688,0,0
TE0151,-0.692460905,-1.371341682,1.857541444,0.352705576,2.083271697,0.467908206,-1.681832763,-1.536910832,0.75776591,-2.275243221,-1.42577794,-1.059459416,0,0
TE0152,0.700127552,2.008957209,1.442101148,-0.002329618,-0.577761417,0.643232255,0.023510112,-0.215992297,-0.383906315,1.195970955,-1.171219125,-0.018427855,0,0
TE0153,-0.785664515,0.716752782,2.355227758,-0.873998947,1.552914628,-0.465568067,2.23045811,0.154079649,3.228239554,-0.86652852,-3.911591113,0.17451905,0,0
TE0154,0.201478795,-0.047065684,-0.586636436,-0.348261013,-0.668534047,0.639635733,-0.054984131,-0.348271379,-0.745079114,0.475952581,0.317180381,0.689981125,0,0
TE0155,1.070776826,0.902690119,-0.117378542,-1.59636694,0.245367511,0.289570493,-0.163692321,-1.921820347,-1.949602673,1.666829131,-1.038009336,-0.511268481,0,0
TE0156,-1.296073261,0.230158871,-0.849461856,-0.347331072,-0.518931572,-1.001152257,-0.334352727,-2.534567578,-3.63044434,1.85577814,-0.3157218,0.235265703,0,0
TE0157,-0.654890093,1.308634396,0.247292461,-0.113996322,-0.16758876,-1.4932663,-0.815768536,-1.652492427,-3.119280538,1.886753225,-0.144870176,0.532970061,0,0
TE0158,0.007593003,1.258224231,0.75901893,0.475352223,0.287175402,0.399715308,-0.888641389,0.412041607,-0.947240722,0.682819038,0.720597958,1.284599072,0,0
TE0159,1.421892861,0.426087586,0.86722169,-0.834662899,1.310447754,0.521884657,2.010273773,-0.802875415,2.182707899,0.040539667,-3.450662171,-0.606669184,0,0
TE0160,0.802003508,2.913666328,1.026704004,-0.745026769,0.208590061,0.677931668,-0.861613866,1.469235469,-1.329781984,1.879457585,1.42759909,1.332175613,0,0
TE0161,-1.42670006,-1.912283595,-1.132612084,0.2809335,-1.403956177,0.145872034,1.149996806,-1.0690359415397903,0.370072042,-0.786276576,-0.956442797,0.671391502,0,1
TE0162,0.32616849,-0.639560506,0.084342845,0.174953326,-0.130880743,-0.882929392,-1.280094205,0.025839568,-0.083990306,-0.818094234,0.931829394,0.270044463,0,0
TE0163,0.566002331,-0.012182579,-0.801421052,0.011003793,0.40501536,0.99235779,0.486657073,0.960253431,0.431210117,0.187005627,0.844940496,1.695162967,0,0
TE0164,0.590815874,0.962521906,1.876327917,2.421493993,-0.160886984,-2.582687114,2.344064224,-0.294362836,2.895827473,-0.202241124,-4.079130374,0.460406151,0,0
TE0165,-1.685882305,-0.593711922,-0.46334911,0.532494133,0.038275622,-0.608652932,-1.965382221,-0.657678977,-2.611148787,0.019288693,2.029888566,0.378678494,0,0
TE0166,-0.569298464,0.897840879,0.549917787,-1.037545215,0.475972017,-0.06981808,2.120683235,-0.07238046641610385,1.002678071,0.693379546,-2.251364167,-0.689659987,0,1
TE0167,0.384396761,0.822782958,-0.214058364,0.950614951,-0.036686009,0.137857102,0.618391319,0.604340887,-0.033186988,0.825872374,0.161634956,0.664075186,0,0
TE0168,-1.430970052,-3.816874207,-2.721243645,1.126775443,-1.137464318,-0.083456966,-1.283018723,-3.226602899,-2.623064517,-1.015617574,0.900206516,0.118973935,0,0
TE0169,-0.777619677,-0.058519003,-0.291565288,-0.081192272,-0.942311018,0.614709693,0.592497286,-1.751253776,-1.267001868,0.831509827,-1.356624793,0.777928241,0,0
TE0170,-0.261559042,1.862971352,2.594227185,0.163450984,1.364154036,0.381720726,1.57048193,0.701748707,2.354376207,-0.018873402,-2.950115502,0.443123096,0,0
TE0171,-1.4249538419999999,1.357187946,0.031084908,-0.22426091,0.887096245,-0.58832048,-0.700124816,-3.49811639,-4.852046135,2.808159394,-1.159702704,-0.146729553,1,0
TE0172,0.734833663,1.278947563,1.036714834,0.328075619,0.712508845,-0.395095821,1.012390654,-0.141011214,0.796174913,0.667451517,-1.8633474,-0.71986023,0,0
TE0173,-0.101245674,2.051403029,2.063688483,0.485475938,-0.052951696,1.27730157,0.570676075,-0.523864021,0.091910736,0.975248559,-2.325975066,0.856527406,0,0
TE0174,0.08561531,0.689581738,0.370452647,1.775891739,0.525069835,-1.298707543,1.310012146,-2.210778597,-0.689385815,1.281351624,-2.961248006,-1.235423676,0,0
TE0175,0.352567499,0.111310695,-0.18178432,1.977768218,0.857791051,-0.850532212,-0.306998659,-0.609371247,-0.782373117,0.435328294,0.003951973,-0.097995009,0,0
TE0176,1.668099948,-1.129393216,-1.981335287,-0.453780857,2.054422255,-1.777361145,-3.337937678,-2.504649849,-4.390130893,0.883243735,2.719223084,-0.322335446,0,0
TE0177,-0.056052804,0.888810879,-0.366936947,-1.74743632,-0.427853857,-1.179471962,-0.108591002,1.490062544,-0.464989209,0.722847478,1.707631584,0.236948429,0,0
TE0178,4.516138538,3.190430012,-0.501231685,-0.003264182,1.910468851,-1.253113866,-2.053051029,1.049755382,-2.739522342,3.117611536,3.069287772,-1.013319852,0,0
TE0179,0.285591296,1.919519682,0.647382981,-0.180783141,-0.307976755,0.868452787,0.065426233,-1.141642759,-1.882596316,2.028768772,-1.038272159,0.90462242,0,0
TE0180,2.122444632,0.378400125,0.302954823,1.422801603,-2.722747821,0.667099251,0.287449686,1.443725602,2.053775632,-0.475149647,0.118765084,0.038271815,0,0
TE0181,2.061710494,1.367955988,-0.573506104,2.302738555,-1.85924184,0.969730857,-2.328395299,1.878774601,-1.712230163,1.062991781,3.989747887,0.716881064,0,0
TE0182,-0.984570433,1.834911806,1.201744851,1.495116848,-0.726327875,0.878188105,-0.087954429,-1.415735564,-2.089027987,1.732726499,-1.382039425,-0.50353428,0,0
TE0183,1.344024894,0.958921981,0.275832035,0.208817861,-0.659403684,0.415992183,-0.86231947,0.828729594,-0.241584419,0.447359249,1.107584455,1.336851912,0,0
TE0184,3.596422683,1.736851061,-0.300517241,0.831069873,-0.66008829,0.798552133,-3.009403404,0.216297374,-2.719366676,1.725127208,3.029942811,-1.032271257,1,0
TE0185,1.206816227,1.206769836,2.243131603,-0.983804079,-1.833008378,-0.385963719,-2.618821319,-2.78857964,-2.212260856,0.563417226,-1.48731341,0.460612967,1,0
TE0186,1.359671434,2.788388591,2.076402561,0.540838663,0.051720041,0.182830084,-0.474250232,0.625222047,-0.077905381,1.242947372,-0.653201581,0.391426908,0,0
TE0187,0.033129944,0.751802673,0.287585863,0.000826296,0.315260087,-0.950587228,-0.434617391,-2.0185159120193115,-2.115614026,1.322666377,-1.067973616,0.77943882,0,1
TE0188,-0.19603724,0.714988182,1.433805922,-0.305057055,0.539026991,-1.406487745,0.725730515,-2.464041917,-0.348284552,0.647660725,-3.526342506,-0.104985704,0,0
TE0189,-1.067537484,-1.693883274,-0.883213593,-1.453962462,0.04443284,-1.171178984,-0.462211654,-2.57430764,-1.674055053,-0.246471957,-0.712131973,-0.718920753,0,0
TE0190,-0.69359694,-0.133647312,-0.400411757,2.640486314,1.15123965,0.008086934,-1.072956031,1.048671807,-0.766620143,-0.186526795,2.220138261,-0.51717071,0,0
TE0191,-0.07668952,0.167325832,-0.278143246,0.881281437,1.204969674,1.062326423,1.15316629,-0.854991203,-0.147680156,0.706933052,-1.363992316,-0.135377528,0,0
TE0192,0.905002698,0.353237312,-0.554506218,0.823895677,-0.86660648,0.396738952,-2.981517989,-2.072443638,-4.227587785,1.404220395,1.843577063,-0.287135578,0,0
TE0193,0.369922874,-1.510662721,-1.536042709,0.854683867,-1.216736354,-0.258995459,-2.058163747,-2.544083394,-3.133408691,0.27784753,1.210678438,-0.276339059,0,0
TE0194,2.015991141,0.145197334,-0.563021609,1.122885067,0.958708855,0.189635579,0.644958127,-1.208773508,-0.096128648,0.837145563,-1.264116757,1.721460775,0,0
TE0195,0.62767346,-1.493288945,-2.043225108,0.35489896,-1.402050329,-2.025870661,1.826532214,2.149896904,2.525326612,-0.956499897,1.186176125,-0.802313029,0,0
TE0196,1.510610493,1.071222972,1.929816884,0.894351717,1.416844657,0.925207427,1.387367436,0.327559079,2.907743334,-0.426344403,-2.943424675,-0.896718837,0,0
TE0197,-1.475575763,-1.304786789,-0.375582151,-0.684915031,1.054026483,0.681780839,-0.023143323,-3.632537325,-2.071278259,0.227647627,-2.162403387,0.640802223,0,0
TE0198,-0.505506358,-0.129496837,-0.56594056,1.482940892,-0.063655008,-0.692078029,0.431355111,3.16249822,1.691685212,-0.800778849,2.367565458,-0.650968335,0,0
TE0199,-2.068922221,8.633672292,2.035996497,-0.265733425,1.400343508,2.329215599,-2.579663538,4.331926344,-7.069506503,6.657663629,6.049838514,-1.082303652,0,0
TE0200,0.658335403,0.634783633,-0.819256426,0.999903121,0.313502373,0.61774191,-1.552849038,-1.725718138,-3.564785855,1.822258646,1.093428058,0.148440714,0,0
TE0201,2.224396383,1.84205141,0.381576962,0.358701025,-0.20440772,1.24365887,-0.683467624,0.783046776,-0.54034463,1.292313705,0.856066796,2.612370366,0,0
TE0202,1.828389904,1.521838724,-0.093273222,-0.921417252,0.486084344,0.207975048,-1.90415353,-1.029284484,-3.019478943,1.933740014,1.21429176,0.341042083,0,0
TE0203,2.221126615,1.492736432,0.94380687,-1.745528023,-0.15593485,1.132856091,0.196600641,0.073047151,0.650402268,0.764365463,-1.086687686,1.194940701,0,0
TE0204,1.327675299,-0.198319002,-0.375292805,-0.001752702,0.473064893,-1.409355963,1.130324825,-1.218348936,0.522361611,0.388595259,-1.862059468,-0.120404122,0,0
TE0205,4.105078857,2.811316066,2.99710554,1.768811888,0.506696864,-1.259808391,0.44514098,2.902001463,4.31998624,-0.403022955,-1.354418214,1.833464013,0,0
TE0206,-0.06028138,1.560054294,0.44095725,-1.388676069,-0.605605848,0.340880848,0.513177596,-0.484265088,-1.104594099,1.583893289,-0.838462774,0.387866508,0,0
TE0207,1.859085398,1.718417394,-0.324414957,0.31957362,2.18589577,0.14713057,-0.79824295,0.106242913,-1.849803377,1.930000462,1.207123509,1.556667956,0,0
TE0208,0.702089931,0.903355115,-0.026923163,-0.767908986,-0.228395611,-0.694935152,-1.175211708,-1.871878673,-2.788053962,1.600845147,-0.05732113,0.593444728,0,0
TE0209,1.958154629,0.670875712,-0.978440602,0.901690091,-1.227378767,0.073000698,-0.268954995,-0.958432479,-1.668479686,1.619831431,0.31114103,-0.14349203,0,0
TE0210,-0.281169336,2.037696909,1.726635839,-0.847159871,1.02187905,1.159708983,-0.750320292,1.666608029,0.044167328,0.429284439,0.786346788,-0.14137044,0,0
TE0211,2.055982911,0.69623395,0.566404026,0.560969301,-0.365724621,0.456471313,1.167690753,-0.157415253,1.62669518,0.265612137,-1.976610942,0.752696674,0,0
TE0212,1.45930784,-0.06905541,-1.531814798,0.662998591,1.097531574,0.356213559,-1.199792232,0.435987405,-1.537208909,0.73996838,2.59071738,0.196793127,0,0
TE0213,1.327565752,0.794597856,-0.037129249,0.944679852,1.200932085,1.722258384,0.207065509,-0.408373021,-0.364231878,0.942227894,-0.500921092,-1.06495173,0,0
TE0214,-0.094917267,-0.983710995,0.388301034,-0.475184935,-0.75074928,-1.984885555,-2.099156546,-1.136886411,-0.992766835,-0.984636761,0.617503452,-0.00787986,0,0
TE0215,-0.141474037,1.994278668,0.299327122,-0.668851218,0.416150713,0.163816328,1.86752082,-1.805640465,-1.532835842,2.653743862,-2.776446851,-1.291056803,0,0
TE0216,1.095871468,0.606634593,1.024485602,-0.537102601,0.329743964,-1.498405371,0.218488784,0.583168839,1.49494024,-0.358982643,-0.836157595,0.793291787,0,0
TE0217,0.575279106,1.869280523,1.172121894,0.00139924,-0.261334233,1.238485701,0.277577606,0.494566158,0.080048983,1.000016652,-0.678677799,0.62759846,0,0
TE0218,0.287514666,0.898200775,0.130575519,-0.695537568,0.624119156,-0.408336982,0.248195178,-1.168474562,-1.230705843,1.286966186,-0.995530814,-0.008564472,0,0
TE0219,0.451940589,0.154992797,-0.700118812,-0.357148453,-2.000656735,0.997240434,0.160165414,-0.074327512,-0.615031808,0.666810675,0.410720513,-3.209285002,0,0
TE0220,-0.894384329,-0.588657813,-0.671889473,-0.182972038,1.539583862,-1.096702125,0.668586095,-1.894784446,-1.199140357,0.581896164,-1.277036224,-2.09874604,0,0
TE0221,2.390224385,3.408300184,2.21007452,-1.178370994,0.994336268,-0.623410196,-0.125704948,1.39477722,0.657528782,1.481325107,-0.625672487,-0.058046715,0,0
TE0222,1.210066551,2.521598239,1.396868606,1.469919955,1.048350794,2.530037712,0.176657787,-0.422085261,-0.747388026,1.827088084,-1.386539677,-0.392265744,0,0
TE0223,0.3792809611,1.477146162,0.326956942,1.736911645,-0.29509983,0.87746512,-0.298586797,-0.914793677,-1.854419449,1.679714025,-0.361244497,2.192019087,1,0
TE0224,1.566576708,0.905336886,1.026049093,-0.207664073,1.850579735,-0.373739619,1.323246196,0.16640866,2.000043524,0.092719418,-2.190157249,0.23973794,0,0
TE0225,-2.851263336,-0.599707278,0.569002829,0.49698781,1.213289072,0.786612691,2.989379918,-0.816072744,1.749597535,-0.514400481,-3.538691971,0.576190442,0,0
TE0226,-0.5833220684,-0.201478153,0.346223623,-0.306375935,0.30650065,0.771506212,1.438417894,-1.889972715,0.220115906,0.259420453,-2.932085882,0.373047976,1,0
TE0227,-0.532815679,-0.668190596,-1.06791827,0.687798181,-1.158651992,0.447920996,1.422596048,-0.054434789,0.415570858,0.113448208,-0.441328666,-0.524887741,0,0
TE0228,1.619813841,0.405450941,0.306345423,0.226727933,-1.567209289,-0.81430112,0.985636012,-0.795018848,0.901974645,0.389078002,-1.98459841,0.028856328,0,0
TE0229,1.812914386,-0.751087511,-0.823404905,0.999824207,-1.060224493,0.019633986,1.95519434,2.525885863,3.920432242,-1.242236763,0.124369755,-0.192109531,0,0
TE0230,-0.605057208,0.690503873,0.764707079,0.487523946,-0.460808836,0.170443176,1.270484175,-0.801669657,0.288674708,0.558065366,-2.193710825,-0.009832964,0,0
TE0231,0.750022131,-1.587520287,-1.589811019,-0.429789272,-0.380763923,1.145816644,-2.491848795,-1.909315124,-2.867004786,-0.027682511,2.017909239,1.019984292,0,0
TE0232,0.907267135,-2.267671567,-2.79826405,1.10168709,-0.476178534,-1.910678938,-3.837750931,-2.91629002,-5.06734727,0.415905114,3.547411792,-0.605029432,0,0
TE0233,0.37753346,1.614806148,0.092299294,-0.407298733,1.050743591,-0.119645469,-0.316711243,-1.9966004089098623,-2.96003033,2.38057982,-0.831880144,0.636388733,0,1
TE0234,-1.383622934,0.740806599,2.575897852,0.477339376,0.264298814,-1.492025624,-3.075379379,-1.833715319,-2.301578275,-0.323560899,-0.327969509,-2.840296545,0,0
TE0235,2.013714626,1.387608787,-0.383247618,-1.112105046,-2.401407196,0.986109114,-1.919035591,-1.456102438,-3.38731972,2.129528898,1.140018948,1.795101131,0,0
TE0236,-0.36169802,4.365786347,1.255898164,3.127881054,-0.407598336,-0.343725598,-1.484628832,2.507612581,-2.960106231,3.034772563,3.102379569,0.253622703,0,0
TE0237,-1.487666124,-0.410125263,-0.175278361,-0.319626925,-1.126407718,-1.191103217,-0.049858228,1.375352205,0.413572571,-0.690599211,1.344552639,0.76618119,0,0
TE0238,1.374154841,0.623940147,1.375497059,0.372817354,-0.685531886,-0.578233925,-0.641792533,-1.227475909,0.126181553,0.010048207,-1.646709874,-0.601176173,0,0
TE0239,1.050481017,2.38793101,0.500834037,0.834588898,-0.793866639,-0.448740985,1.336911331,0.533342942,-0.093305687,2.017346969,-0.985451158,0.090024013,0,0
TE0240,-1.889880051,0.186828386,-0.470713412,0.760703895,0.833448908,0.285041647,-0.112851642,-3.027149029,-3.601625448,1.75921716,-1.119818996,0.403225356,0,0
TE0241,1.676522693,2.957647624,0.54353401,-0.830976367,-0.649876978,-1.011027932,1.716325186,1.758962584,0.732812149,2.138441685,-0.521786295,1.067406235,0,0
TE0242,2.434220884,1.430064691,0.343646523,-0.087213386,0.620338159,1.334365328,0.315650172,-0.461026433,-0.07030177,1.299592437,-1.055982268,-0.21487934,0,0
TE0243,1.098862037,2.598427062,1.742176349,-1.142177549,-0.566944908,-0.447272998,-0.179296958,-0.787104899,-1.031108058,1.795646188,-1.585927625,0.569567111,0,0
TE0244,0.245162692,-1.19987525,-1.235660332,0.658456436,1.709933179,0.670065511,-1.660778165,-2.592599835,-2.917652292,0.436559488,0.616923918,-1.50315796,0,0
TE0245,2.365824344,1.88363467,1.389028607,0.622457698,0.119287905,-0.829426082,0.68809352,0.235074178,1.268409182,0.81271715,-1.794026259,0.496879624,0,0
TE0246,0.743506719,-0.178191128,0.168905768,-0.802003084,-0.990670918,-0.736396189,-1.150139053,-0.874628141,-0.766478081,-0.085670014,0.142943082,0.13994989,0,0
TE0247,0.132937193,-0.971830164,0.938913795,-0.121271325,0.037205652,-1.721861202,-0.220929713,0.26263633351069016,2.06303008,-1.852906935,-0.765252004,-0.352478779,0,1
TE0248,1.331890248,-1.023940093,-1.542337341,0.074782429,0.10501411,-1.022153233,-1.290247011,-1.33107083,-1.820521988,0.325449234,1.257662497,1.015191055,0,0
TE0249,4.309089234,3.009001404,-0.443705175,0.558507997,-0.098071298,1.709080569,-3.281151074,0.102181048,-4.163430083,3.209455894,3.523921107,0.603594475,0,0
TE0250,0.093352062,1.429090025,0.189254881,-0.001652485,-1.02310536,-0.447329693,0.973832681,-0.82458232,-1.019593009,1.734276552,-1.334143324,-0.289345701,0,0
TE0251,-3.678131496,-1.950511767,-0.712109616,-1.412174867,0.637625051,0.191682079,-1.180789554,0.24129119,-1.16574196,-1.442478339,2.185526396,1.054801156,1,0
TE0252,-0.707137784,-0.677770297,-0.347544251,0.444926971,-0.139416209,0.74266788,2.018882938,-2.895079696,-0.261497131,0.605062981,-3.613069388,-2.373826624,0,0
TE0253,-4.188331468,-2.306369342,-1.120242566,-0.279132217,-0.136659234,0.41639592,-0.203356361,0.885111473,-0.270827352,-1.713075152,2.096410672,-1.000591361,0,0
TE0254,-0.511212155,1.263123543,1.118346843,1.024347732,2.800865013,-0.252735552,0.294208605,-0.290275496,-0.333463218,0.73407309,-1.124959578,-0.197396854,0,0
TE0255,3.725198171,0.605343803,1.718707214,-0.770228553,-0.839619945,-0.215264591,2.45635549,1.613827012,5.859435893,-1.403402195,-3.416461103,-0.120341099,0,0
TE0256,1.586112724,-1.173061053,-2.389363153,-0.399455727,-0.8132316,-0.538953222,-2.490660557,-0.7731344,-3.025430028,0.538089288,3.497232971,-0.001861943,0,0
TE0257,1.218297678,1.463181297,1.71027161,-0.109140111,-0.625477907,0.607989522,1.918710915,0.238030773,2.493046631,0.225774827,-3.148099307,0.77687022,0,0
TE0258,-1.323030394,-0.898127172,0.05926916,-0.845073659,-0.255219508,0.144357675,-0.065874076,-1.233692787,-0.45212545,-0.493411676,-0.810793626,1.130225585,0,0
TE0259,3.162984357,0.04309029,-1.691622765,-0.979813218,-0.487549235,0.363062068,-4.437118619,-2.215548399,-5.306914614,1.730387847,3.691278861,1.035920141,0,0
TE0260,0.7580537869,1.048369636,-0.312435747,0.161508643,-2.24422778,-0.435871393,-0.854107455,0.535381621,-1.40627762,1.119693439,1.589831011,-0.160618203,1,0
TE0261,1.451625163,-1.609868412,-1.612386846,0.887311865,0.674326664,0.74088333,-3.385958799,-1.651953936,-3.08424001,-0.19492525,2.9247523,1.106521889,0,0
TE0262,-0.459627974,0.55527337,0.067566663,-1.090084819,0.403519534,0.610883629,-1.681169292,0.382726924,-1.796967199,0.442985354,2.022789294,0.7463882,0,0
TE0263,0.052466939,1.235163642,0.605939542,0.233811269,1.590138738,1.097396991,-0.179510315,-1.128304364,-1.500941266,1.315109924,-0.882456955,1.982312345,0,0
TE0264,-1.521740659,-1.251047864,-0.458456712,-1.010316675,-0.119491441,0.886097985,0.281759817,-2.577280242,-1.313785317,-0.01665509,-1.625075582,0.5194444,0,0
TE0265,-1.598901371,-1.951149684,-0.766866134,0.139537333,0.168470234,0.688378911,-0.00782615,-1.68550244,-0.592987246,-0.8774507,-0.603653725,1.212202694,0,0
TE0266,-2.568112399,-1.342956073,-0.787297659,-1.145779167,-1.284385265,-0.47001457,-0.059614962,-0.444064208,-0.932929595,-0.551815932,0.657271616,0.768971375,0,0
TE0267,0.150300822,1.102868769,-0.285953645,-0.06785162,-0.889040785,-2.264557601,-0.520071214,-1.803943226,-2.962380508,2.036438543,-0.23166518,-1.461661568,0,0
TE0268,1.022548983,1.237482506,1.440767024,0.423024549,0.700349824,0.861542005,0.791817621,-0.705365912,0.858470835,0.503234818,-2.490402438,-0.679654503,0,0
TE0269,-0.256376104,-0.690776484,-0.89409303,-0.6255122,-0.863827518,0.260074075,-1.114227624,-2.312606292,-2.708643979,0.700941974,0.190542782,1.38671756,0,0
TE0270,3.610926278,3.426536332,2.132680292,-0.299579203,1.520986065,-2.667853048,-1.074369711,-3.796838755,-2.987248032,3.271592875,-3.455043058,0.002802055,0,0
TE0271,-0.155876172,-1.370599062,1.372041649,-1.674197552,0.423758194,-0.332015425,-2.087850081,-1.583886687,0.140804633,-1.956970776,-0.71628565,1.093583991,0,0
TE0272,1.972180165,0.160003179,0.944283119,0.99686681,-1.215666688,-0.131579192,-0.566483449,-1.743442819,0.156843336,-0.056426277,-1.895862246,1.938879704,0,0
TE0273,1.826127767,0.138597278,-0.066704077,1.722018658,-1.58557993,-0.301574465,0.31944812,0.004000028,0.87435082,0.05706355,-0.555091289,0.252450922,1,0
TE0274,0.043205925,-0.101372784,-0.719315654,-1.388617014,-0.747127931,2.147996648,0.849431365,0.221819347,0.18031623,0.336084968,-0.006878528,-1.015964376,0,0
TE0275,-0.038322483,0.017056931,-0.334824629,-0.445408818,-0.451623646,-0.182789411,-0.213648,-1.53836497,-1.550739461,0.800872034,-0.527276116,-0.270989217,0,0
TE0276,1.123236563,1.369831204,1.644408733,0.343551863,1.795293157,-0.49957716,0.944889446,0.678455383,1.995552524,0.009963005,-1.862676835,-0.433727819,0,0
TE0277,0.498022314,1.72767371,1.048927057,0.21191483,-0.27332706,-0.255276721,-0.472116731,0.471839251,-0.542030863,0.936719334,0.113972886,-2.268866619,0,0
TE0278,1.13892103,1.750456942,-0.147243942,0.098098399,-0.402928474,1.382138393,0.352690921,2.290218747,0.291870697,1.143274983,1.59614719,-0.578482711,0,0
TE0279,1.820671176,-1.912973216,0.414252613,-0.004507319,-0.412138721,0.396858035,-0.235591768,-0.84073511,2.54275374,-2.260209008,-1.57348484,0.039664962,0,0
TE0280,0.144070478,0.123734454,-0.627453629,-0.312860016,-0.990000001,0.70769238,-0.007932262,-2.751060089,-2.509058963,1.543577109,-1.28891716,-0.755363075,0,0
TE0281,3.84641504,2.756632024,1.685577627,0.756898663,0.074643685,-1.527224026,-0.653743457,-2.096661343,-1.219298394,2.244181378,-2.473316716,2.598621595,0,0
TE0282,0.725406204,2.913993274,1.81049576,0.802968927,1.398524485,-0.779172226,-0.411584086,-1.0263654006973855,-1.797861903,2.205211452,-1.44417261,-2.181799403,0,1
TE0283,1.009066281,0.704494104,2.363462181,1.273486964,-0.383509955,-0.034406355,-0.32732155,-0.222099249,1.813296037,-0.932285864,-2.098064909,1.880832221,0,0
TE0284,-0.103714874,1.476560614,1.448449205,0.342743461,-1.679165039,-1.351748277,-0.161099289,-0.366046169,-0.430157845,0.719455865,-1.082568681,-1.323054048,0,0
TE0285,0.370466364,1.400667611,0.932628733,0.681448071,0.510783905,-0.014061999,0.167064765,-0.486412238,-0.496613843,1.01580969,-1.099195799,-0.514337815,0,0
TE0286,0.927143213,1.241818008,1.863433333,-0.338474687,0.968813504,-0.443573465,1.635555814,1.034941749712147,3.044961752,-0.389059635,-2.474608036,0.129334015,0,1
TE0287,0.37155566479999996,-1.834197947,1.474607341,1.457873308,0.262272418,0.05594075,-1.171316922,-0.226131613,2.574820018,-3.049062132,-0.966373774,1.69937468,1,0
TE0288,3.298071333,1.084828028,0.745620633,-0.6922499,-0.978253326,-0.398471154,1.391744423,0.820849411,2.785856605,0.124235721,-1.828610119,-1.510564848,0,0
TE0289,2.317506058,1.232246704,-0.755107087,0.351942664,-0.283984958,1.58891613,-0.682602517,-0.094718345,-1.623832913,1.739649865,1.15734094,0.666886663,0,0
TE0290,0.470585825,0.769561741,0.277210106,0.089411161,0.611937305,-1.448048586,0.595898187,-1.538928965,-0.823392484,1.159874949,-1.786749425,-0.315674919,0,0
TE0291,-0.210325038,-0.569094176,-2.205611073,-0.593669828,-1.216546999,-0.542011519,-5.421036021,0.065328463,-6.051877458,0.881347393,7.179938962,-1.131782709,0,0
TE0292,-0.535994771,1.249529638,0.973696738,-2.17e-05,0.76824604,0.457235792,-0.276362561,-2.250919788,-2.199585905,1.506829651,-1.794065908,-1.137590042,0,0
TE0293,-3.953055529,-1.775190939,0.144852581,0.351576398,0.112875832,0.726693723,-0.875711777,-1.052254968,-1.167857606,-1.385186761,0.291157965,1.797139252,0,0
TE0294,-2.155727238,-1.504913365,-0.936786545,-0.705786914,-0.835674359,-0.921520362,1.750250793,-1.209867475,0.198209376,-0.362154591,-1.566947257,-0.070613211,0,0
TE0295,-0.601511895,0.345952736,0.26738895,-0.44393778,0.312090903,-0.261230534,1.415089383,-2.178264579,-0.648938914,1.021984722,-2.894105938,-0.373822333,0,0
TE0296,1.270827675,2.223436068,2.155296227,1.713111415,0.078801412,0.592139364,-0.070037012,2.386007828,2.012276273,-0.042934111,-0.02334888,-0.41110402,0,0
TE0297,2.934786467,2.528621768,-0.179775671,0.448791984,1.898574635,1.329043353,0.337235675,2.178504472,0.180432156,1.919188735,1.412006228,-1.135213113,0,0
TE0298,1.583587261,2.059069014,-0.259572524,-0.159499054,0.446851466,-1.38987157,-4.059516212,2.983320548,-2.973052402,1.225370743,6.360910033,1.371909829,0,0
TE0299,1.623672518,2.708754977,0.672315527,-0.690164234,-1.742812719,0.016028455,-1.256355071,-1.0742887966020171,-3.067630342,2.731694149,0.178114315,-0.140889734,0,1
TE0300,-0.613917849,-3.901440672,-3.056192542,-1.998261644,0.252530358,-1.931715281,-2.329895306,-2.665152662,-2.975269546,-1.144804546,2.419306161,1.457928494,0,0
TE0301,0.605983331,-0.693381255,-1.147322897,-0.994970763,-0.03451691,-0.363984457,-2.93933089,-3.731768662,-4.93284954,1.285460878,1.02002962,1.467576104,0,0
TE0302,1.555801966,1.416109432,0.352868863,1.247925969,0.954357475,-0.215254588,-0.143158359,1.316148954,0.339407282,0.717092845,0.759942602,-0.631499676,0,0
TE0303,0.38534449,1.598363361,1.656294441,0.000153562,1.325505636,0.65583993,1.451117831,-0.335360448,1.174710814,0.675765945,-2.853338901,0.348720649,0,0
TE0304,-1.976152658,0.93934619,1.288596301,-0.538168795,-0.704238337,0.320875103,0.859597982,-1.209559292,-0.634331538,0.703117571,-2.253788427,-0.522855435,0,0
TE0305,-0.466324462,1.586599646,0.835685781,-0.597689062,-0.714626818,2.464767812,1.844441984,-0.585302353,0.080935764,1.415072933,-2.46104025,-0.46963102,0,0
TE0306,-0.140551149,2.115687072,1.187189313,-0.635538495,-0.566161419,0.0705042,0.555343477,-0.626403153,-0.995244321,1.716048608,-1.52892095,1.514460938,0,0
TE0307,-0.469776273,-1.755534254,-0.431699452,-1.013179394,-0.782834427,-0.645504507,-0.966349654,0.217180673,0.546889001,-1.675650215,1.12987475,-2.559015812,0,0
TE0308,-0.057945477,1.997988524,0.872107713,-0.654345953,0.377200277,0.487564213,-0.191418086,-1.591694426,-2.37828863,2.135820381,-1.230994427,1.041416997,0,0
TE0309,1.152066426,1.453902726,0.271188296,-1.632420705,1.046369852,0.760781963,-0.140166614,0.110670039,-0.74771849,1.27381229,0.092032648,-0.039063071,0,0
TE0310,3.734829027,3.359789115,-0.073129474,-1.087521213,1.457495801,-0.23374518,-0.072566579,2.626243545293513,-0.244447067,2.531262714,2.060839461,0.279909689,1,1
TE0311,1.06152619,0.38789472,0.11918549,-0.557505344,0.251380334,1.204153753,1.144399049,-0.981087808,0.472485862,0.616835926,-1.983048825,-0.056553337,0,0
TE0312,0.318188864,-0.944070924,-0.808999309,0.736217142,-0.913803937,0.820849724,-1.662372459,-0.31042307,-1.228629009,-0.396902304,1.834748241,0.053125153,0,0
TE0313,2.480171075,2.341704238,0.17306235,-0.094313344,-0.184031249,0.068342102,-0.88851857,-1.274148275,-2.657103328,2.69303366,-0.092670537,0.116371358,0,0
TE0314,4.428945175,2.577019773,0.200254425,-0.933627993,0.896848723,-0.078623484,0.76014476,-1.248539547,-0.668095597,2.789579507,-1.983761339,-1.934293347,0,0
TE0315,-2.274930221,-3.813209514,-1.592790531,-0.939492342,1.437783034,-0.205112852,0.087910319,-2.361893663,-0.185415835,-2.041674494,-0.711073862,1.341342804,0,0
TE0316,-0.814292692,3.779602353,0.717353872,-1.175488826,0.108127037,-0.762068647,-2.752790356,2.188309412374348,-4.326269086,2.907917549,4.538237812,-0.175014912,0,1
TE0317,0.257565625,0.589791607,-0.322480668,1.425370523,2.170894475,-0.030180583,0.777692845,-0.536771008,-0.57367327,1.060664231,-0.70583175,0.866651153,0,0
TE0318,1.19916679,0.241652756,-0.925114708,0.055559323,-0.454274349,-0.756496283,-1.341223914,-0.521094993,-2.072152309,1.00111957,1.619622873,0.363002163,0,0
TE0319,1.633347205,-0.099725205,0.447467128,-0.944680935,-1.250066105,1.610564114,-1.638591461,-0.076040644,-0.016504037,-0.55850684,0.740770032,-0.567027174,0,0
TE0320,-1.132066465,-2.240110725,-1.346102675,-1.828398986,0.525298973,0.264535569,-1.108887147,-2.494599465,-2.077402499,-0.546807881,0.271594952,-0.159536462,0,0
TE0321,2.273287598,3.814914293,0.872584549,-1.371397847,-0.351439274,-0.016483651,-2.058220986,-0.349204641,-3.880031305,3.488716824,1.39894182,-0.293925632,0,0
TE0322,0.353521853,-0.480032381,0.855902829,-0.288830358,-1.119301804,-0.587619948,-0.827884969,-0.274260365,0.736713993,-1.088284547,-0.39997395,-1.905669753,0,0
TE0323,0.770014717,-1.004671346,0.119806832,0.824849391,-1.553229755,1.811469289,-0.153721209,0.073825194,1.456719236,-1.283316285,-0.314817099,-0.125756369,0,0
TE0324,1.813259369,-1.985125836,-2.864979533,-1.439285183,0.966940299,0.736410262,-3.073889315,-1.733507054,-3.652767655,0.297049097,3.594650086,0.417143966,0,0
TE0325,0.819343307,-0.477436387,0.579556835,-0.618614529,0.123964741,-0.297854073,1.04603912,1.729750719,3.427077766,-1.603180117,-0.628209966,-0.15214089,0,0
TE0326,0.759951252,0.368068965,-0.531376078,1.285175772,0.367266366,1.19643601,0.448576534,-2.284173916,-1.72046515,1.536258731,-1.550081695,-0.101737824,0,0
TE0327,1.282653112,2.564975502,0.209728419,-0.191442839,-0.219136501,-0.404020391,-1.483279392,-1.293193532,-3.880794217,3.007513074,0.710760594,-1.041725105,0,0
TE0328,1.665294182,0.561279978,0.082292805,-1.097553679,1.046252643,0.399883611,0.240734744,-0.8068992557257402,-0.07074131,0.712579843,-1.043294805,0.655811495,0,1
TE0329,-3.585715431,-1.636195787,0.325225777,1.938540718,-0.398050446,-1.044315023,-0.724664412,-1.643413848,-1.218332353,-1.181461649,-0.466084457,-0.228865955,0,0
TE0330,-1.511951517,-4.57257995,-2.942707433,0.560619358,1.471546163,-0.814114112,-1.964287789,-3.005044886,-2.495872984,-1.769623897,1.737017276,-0.09160735,0,0
TE0331,2.569949789,2.050779796,0.629895278,-1.524064759,-1.611847331,-0.910717361,-0.397965841,-0.864525821,-1.179080274,1.898951785,-0.798648599,-0.332032748,1,0
TE0332,2.571303481,0.282742356,-0.430514615,1.899343965,1.272987663,-0.387736088,0.930203503,0.840748217,1.702929684,0.13204836,-0.322823981,-0.564005005,0,0
TE0333,-1.164806229,-3.117098154,-2.219026761,-0.973194581,-0.581289702,-2.037588836,-0.612897525,-1.470555064,-1.041761392,-1.235648484,1.119646495,-0.426872567,0,0
TE0334,-0.065959041,1.266608707,0.051946274,1.627439685,0.007513084,-1.054602576,0.874867205,-0.385091621,-0.860989329,1.510992244,-0.817439828,-0.310966786,0,0
TE0335,0.956561143,0.896923388,-0.862499722,0.000543659,-0.78714694,-1.547290126,0.02207718,1.273350265,-0.569487761,1.085183731,1.710187541,-0.850236341,0,0
TE0336,0.491366516,3.513673518,3.044138429,-2.874558657,-0.507103779,-0.244830303,-1.157368977,-4.082329762,-3.795274362,3.061194271,-3.812221329,0.278821472,0,0
TE0337,-2.167606639,0.05702527,-0.124217595,1.231855885,-0.123333182,1.226892805,-1.938099812,0.950497122,-2.094406839,-0.034029692,3.044420512,2.298476806,0,0
TE0338,3.111437135,1.202783367,-1.074168057,0.238269225,-0.233408606,2.670528969,3.042300826,1.6589036053564314,2.501167594,1.306824169,-1.031963905,-0.476984122,0,1
TE0339,2.477314864,2.157766357,0.878782854,1.426586152,0.337164319,0.513122667,-1.195675603,-1.676593909,-2.224323806,2.119878168,-0.790968329,-1.08740198,0,0
TE0340,-1.198728588,0.507084621,-0.132058134,-0.968514185,0.883028199,0.657478186,0.524920187,-2.508385507,-2.426168804,1.63911203,-1.742639168,0.45281294,0,0
TE0341,2.142916355,2.15922007,-0.250699897,-0.93888878,0.346837217,-1.092673303,-1.078880501,-1.376263322,-3.282845647,2.85737894,0.438532289,1.351756461,0,0
TE0342,-0.7240989279,-1.376756731,2.10938886,-0.275055695,0.627747439,0.158951147,-1.83428186,-1.645787364,0.823884811,-2.423743094,-1.589507723,-0.743467283,1,0
TE0343,1.468552075,1.604698419,-0.583180114,-0.704094161,-0.270984279,-0.520102166,1.341759854,2.015362845,0.737239974,1.379958623,0.780406635,-0.215167877,0,0
TE0344,-0.060373091,-0.308774116,-0.627065547,0.921308129,-0.690586885,-0.203482967,-0.696595811,2.235192876704183,0.530879496,-0.679283792,2.728129102,0.972606537,0,1
TE0345,1.78922397,2.345886516,0.477648112,0.593901296,0.493549679,-1.373490765,-0.275430053,2.404897313,0.204059661,1.248656696,1.70291743,0.560641842,0,0
TE0346,0.265221516,1.335276992,1.047260185,0.120443807,-0.359900508,2.244132487,0.259753155,-1.204607135,-0.746735143,1.123424954,-1.785933505,-0.999341346,0,0
TE0347,0.24400707,-0.258032265,-1.346942067,0.210719838,0.868003784,-1.050974601,0.432673005,-3.1905063,-2.758879328,1.793187489,-1.443079467,0.026648511,0,0
TE0348,0.120372046,0.55582962,0.534080606,-0.006388549,0.400563872,-0.719478056,1.031961002,-2.220983919,-0.586668569,1.013205103,-2.899003122,-0.600863698,0,0
TE0349,1.703561241,2.388635189,2.021585015,0.470750025,0.551770019,-0.813757066,-1.853495321,-1.147866587,-1.792200552,1.419015856,-0.677300893,-1.742790074,0,0
TE0350,3.607752717,2.104978187,2.122998071,0.850797005,-0.010553559,1.499693148,1.168073842,1.34546407,3.474034005,0.044686297,-2.364720974,0.635672813,0,0
TE0351,-2.095151535,0.675252616,1.286356795,1.479442465,-0.663774082,-2.000466909,-2.285576321,-0.809682687094248,-2.633364428,0.240227133,0.967907532,-0.06314718,0,1
TE0352,-0.67880472,0.172069996,0.078482564,-0.059952676,-0.64356094,-1.919236302,-0.417526964,-2.085492672,-2.084734112,0.915211466,-0.939302514,0.291148314,0,0
TE0353,0.142598047,1.71956934,0.524336823,0.716436673,-1.794819892,2.251081913,-0.790101326,-0.797194628,-2.319567661,1.775825226,0.105604395,1.186478238,0,0
TE0354,2.921320535,3.885921855,3.29367948,0.827635525,-1.008639558,-1.023636003,-0.263210275,1.342085305,1.400034211,1.201694921,-1.540469069,2.050872973,0,0
TE0355,1.353136299,-0.071835514,0.121977504,-0.12905768,0.12436896,-0.216897013,1.354392977,-1.078218756,1.192629615,0.121737472,-2.422495858,0.56472683,0,0
TE0356,1.873394854,0.95334561,-0.868394272,1.355690179,-0.488012407,-0.930582804,-2.381942336,-1.896958609,-4.157705803,2.160189635,1.65447901,-0.911352335,0,0
TE0357,2.13811592,1.903429398,-0.150046446,-2.375759536,1.148162243,0.134802533,-1.337496825,-0.558677549,-2.586517605,2.21247503,1.088876225,1.843172584,0,0
TE0358,1.372300663,0.809156685,1.364269009,-0.313443001,1.413296572,-0.386874969,1.95922315,-0.012472548,2.753461681,-0.16968538,-3.223820766,2.002369705,0,0
TE0359,-2.529601397,-2.984936986,0.886481341,1.917994323,1.184213572,0.381514838,-2.955178016,-0.347762415,0.34859964,-3.642291756,1.473887735,0.239088214,0,0
TE0360,1.84537239,-0.272893788,0.360437546,2.04986211,0.103809231,0.200488445,-2.005185797,-0.284561927,-0.253448371,-0.635357585,0.943872042,-0.07725672,0,0
TE0361,1.741615358,0.732689942,-0.624961214,-1.207805656,-1.407347722,-0.054743126,-2.786995381,0.650648846,-2.402970751,0.851210721,3.532573067,-0.505205757,0,0
TE0362,-0.208250698,0.520927376,0.246899132,-1.930823335,0.296509382,-0.305869733,0.895601971,-1.653614722,-0.743774981,1.006539191,-2.052584771,2.29422053,0,0
TE0363,2.370124931,3.061732366,1.951399069,1.373188478,0.522390843,-1.516889813,-0.579822618,0.211327349,-0.384051266,1.697151541,-0.846303351,0.833041121,0,0
TE0364,3.165756077,2.796520793,1.883870023,0.005728343,-1.512141209,-0.900639588,0.185891798,1.077452526,1.349273632,1.095423252,-1.132890343,0.176650007,0,0
TE0365,0.4290205018,-2.28634455,-1.93174543,0.177512913,0.119574727,-0.852297601,-3.574621037,-2.285327453,-3.738547274,-0.408333692,2.99922743,0.994339016,1,0
TE0366,1.020602991,1.428379093,1.825027637,-0.694400764,-0.78581834,-0.731430892,0.439222436,0.542995442,1.591820663,-0.006488207,-1.612236079,-1.452172391,0,0
TE0367,2.160905115,3.212945504,1.588310087,-0.013820459,-1.923630396,-0.307634975,-0.895460838,0.05506508,-1.370206277,2.192650359,-0.232517728,-1.582809208,0,0
TE0368,0.103660564,-0.326540563,2.328906267,-1.099939825,3.285594782,1.154763005,-1.679102948,-0.592385883,1.137780019,-1.859053313,-1.118150552,1.760753268,0,0
TE0369,3.128384964,1.039432076,0.468856406,-1.616222248,-0.037191325,0.511124795,0.417317994,-0.218108022,1.025160949,0.639190472,-1.334806163,-1.265900513,1,0
TE0370,1.195454812,-1.362790906,-2.053219222,-0.138599634,-0.947405443,1.080955002,-1.738501494,-1.308551078,-2.405075175,0.316761491,2.124425835,0.757438732,0,0
TE0371,0.128758406,-1.368548388,-0.645665666,0.113256305,0.665127064,0.88364344,-3.260545749,-2.730947094,-3.522083085,-0.137634434,1.46322882,-0.112007464,0,0
TE0372,-2.051002614,-0.963792665,-0.998801982,1.519707708,-0.131239014,0.619776576,0.740222732,-2.127506838,-1.774157326,0.5794371,-1.066147507,0.950397804,0,0
TE0373,-1.387513507,0.555651388,1.119238052,1.391112334,-1.001484287,0.695572201,-1.621347222,-0.06839106427147623,-1.358247275,-0.079752647,0.839212435,-0.195985692,0,1
TE0374,0.696749697,1.985857558,0.922846632,0.248916182,1.549328003,-1.044017165,-0.755486311,0.065697266,-1.339857467,1.435032926,0.248801032,2.725646697,0,0
TE0375,-0.873793191,0.5389022,0.248992621,0.7003258,0.927750783,-0.352229153,1.785206939,-0.785111536,0.19708804,0.784923759,-2.168996954,0.804693869,0,0
TE0376,1.767218907,2.162913261,0.264305036,1.081570476,0.821763246,-0.865424013,-1.579844308,-0.845769215,-2.967637953,2.327614335,0.865355387,-0.959811522,0,0
TE0377,1.075542487,1.780323532,-0.200730161,-0.948029223,-0.299494943,0.989378585,-1.283614217,-1.448943366,-3.530208724,2.512313695,0.647229161,-1.860270882,0,0
TE0378,2.307039959,0.106310709,-0.921553007,-0.661608419,0.333719538,-0.276749245,0.505512595,-2.00001628,-0.921266456,1.305317359,-1.402674449,-0.950247231,0,0
TE0379,-0.555768331,4.270197871,0.655896636,-0.405481562,0.007757113,1.379209696,-1.780977584,1.325672996,-4.578380434,3.788467515,3.151910451,0.10603034,0,0
TE0380,-0.583187047,1.472903522,0.3880723,-1.632334535,-0.668583987,-0.828946931,0.282598625,-1.233819665,-1.974410801,1.828310498,-1.006121784,0.118144342,0,0
TE0381,-1.48300512,1.789066278,1.357987967,1.22220667,-0.233646218,0.625886277,-0.131183508,-0.742641691,-1.703472462,1.37251561,-0.940943427,-0.496229113,0,0
TE0382,2.638686588,1.330211356,-0.934212543,-2.637917292,0.068987818,-0.224404243,-0.760733508,1.163378954,-1.016519857,1.507390131,2.229295631,-0.118975995,0,0
TE0383,1.185647999,2.452784516,0.673147203,-0.035136427,0.206751137,-0.820303705,0.302779284,1.995699168,0.212921094,1.425852276,0.830080301,0.759165905,0,0
TE0384,-0.426106357,0.496426835,-0.08433401,0.609302932,-0.260109984,1.020657788,0.660324625,-3.082348113,-2.275554027,1.734603544,-2.462992726,0.955734067,0,0
TE0385,4.34616645,2.603638868,2.070597844,0.191979842,-1.973463886,0.518820033,0.184296165,1.639337838,2.649887115,0.456104548,-1.196920462,-1.285227148,0,0
TE0386,2.661200312,-0.574645936,-1.977065894,-1.281756176,0.3469738,0.688750401,-1.767007026,-0.354464616,-1.884900838,0.677052074,2.649415757,0.011572479,0,0
TE0387,2.555998706,3.129651051,2.532505478,1.907546782,-0.038884879,1.550780027,0.271261371,0.960875058,1.396956185,1.086722095,-1.707675113,-1.609399648,0,0
TE0388,1.012703166,2.471231172,1.485323823,-1.025402926,-0.013575708,0.095691782,-0.296213559,-0.479567849,-1.1013491,1.737580906,-1.035179702,-0.366015279,0,0
TE0389,-1.446377946,-1.659161276,-1.522197263,-0.543682457,-0.960132755,-0.449581083,2.022424955,-0.464650454,0.763391807,-0.426011733,-0.933672024,1.950292521,0,0
TE0390,1.74188001,0.642787566,1.011269608,0.623930469,1.447103954,0.637225651,1.591169967,-0.3439054237237342,2.220652867,-0.017037347,-2.880894499,-0.620416204,0,1
TE0391,1.996427892,1.695105424,0.344014992,-0.000273047,-0.023995858,1.148303779,-0.274530949,-0.33134608737056176,-0.928621766,1.573017138,-0.256271238,-0.974969433,0,1
TE0392,-0.176387616,1.430642981,1.237131367,1.448815667,0.700614333,1.165770854,0.565252142,-0.383458823,-0.077199369,0.842721602,-1.581819923,-0.948678474,0,0
TE0393,-2.101317638,-0.269079978,-1.579452376,0.234978565,1.476438693,1.408672983,-0.083880883,-4.537882635,-5.343055389,2.603407468,-1.210312712,-0.292625458,0,0
TE0394,-0.256864164,1.271254037,2.078975178,-0.026709951,-0.671492797,2.334426632,1.589245487,-0.488890092,1.678163847,0.118391895,-3.44772345,0.073622649,0,0
TE0395,0.8741825204,3.673396516,3.909213824,-0.345206089,0.446589076,-0.57660012,0.425516438,1.675871978,2.092569014,0.580658261,-2.205598878,-0.376875651,1,0
TE0396,2.120142567,2.925652017,1.567206007,-1.477723595,0.752816135,0.697025407,-1.235482242,0.962094179,-0.791955561,1.571019017,0.67102254,-1.358508991,0,0
TE0397,2.557348566,1.168835243,-0.19663928,-1.054207214,0.254192538,-1.080593318,-3.53939132,-1.452621301,-3.986904844,1.687372434,2.345539782,0.696155667,0,0
TE0398,-0.912529453,-1.32132603,-0.946963183,-0.132412876,1.811707997,-0.209841198,0.698859717,-0.8207274554527826,-0.012401466,-0.403296256,-0.484978441,-0.090510207,0,1
TE0399,1.60379728,1.990066421,-0.613314485,-1.656562836,1.267721768,-0.365866537,-3.556475681,2.340674544,-3.283486937,1.635069124,5.754609569,1.737499415,0,0
