Model,Design,Set,Criterion,Value,Rule,Pass
SSGMM,Holdout,Train,Accuracy,0.9166666666666666,>= 0.89,True
SSGMM,Holdout,Train,Sensitivity,0.9166666666666667,>= 0.89,True
SSGMM,Holdout,Train,Specificity,0.9185222514673121,>= 0.89,True
SSGMM,Holdout,Train,Precision,0.9153387277608241,>= 0.89,True
SSGMM,Holdout,Train,F1,0.9147679124659485,>= 0.89,True
SSGMM,Holdout,Test,Accuracy,0.8583333333333333,>= 0.89,False
SSGMM,Holdout,Test,Sensitivity,0.8583333333333333,>= 0.89,False
SSGMM,Holdout,Test,Specificity,0.8672200730711368,>= 0.89,False
SSGMM,Holdout,Test,Precision,0.8522795358649788,>= 0.89,False
SSGMM,Holdout,Test,F1,0.8522519036063927,>= 0.89,False
SSGMM,Holdout,Train - Test,Accuracy gap,0.05833333333333335,<= 0.05,False
SSGMM,CV,CV Train,Accuracy,0.9070833333333335,>= 0.89,True
SSGMM,CV,CV Train,Sensitivity,0.9070833333333335,>= 0.89,True
SSGMM,CV,CV Train,Specificity,0.9083372377361156,>= 0.89,True
SSGMM,CV,CV Train,Precision,0.9058793759864439,>= 0.89,True
SSGMM,CV,CV Train,F1,0.9051391492224802,>= 0.89,True
SSGMM,CV,CV Test,Accuracy,0.9036666666666667,>= 0.89,True
SSGMM,CV,CV Test,Sensitivity,0.9036666666666667,>= 0.89,True
SSGMM,CV,CV Test,Specificity,0.9070496084062782,>= 0.89,True
SSGMM,CV,CV Test,Precision,0.9020124003494441,>= 0.89,True
SSGMM,CV,CV Test,F1,0.9015988674329541,>= 0.89,True
SSGMM,CV,Train - Test,Accuracy gap,0.0034166666666667345,<= 0.05,True
XGBoost,Holdout,Train,Accuracy,0.9333333333333333,>= 0.89,True
XGBoost,Holdout,Train,Sensitivity,0.9333333333333335,>= 0.89,True
XGBoost,Holdout,Train,Specificity,0.9281187769638712,>= 0.89,True
XGBoost,Holdout,Train,Precision,0.9330134147453879,>= 0.89,True
XGBoost,Holdout,Train,F1,0.9318637809475878,>= 0.89,True
XGBoost,Holdout,Test,Accuracy,0.875,>= 0.89,False
XGBoost,Holdout,Test,Sensitivity,0.8749999999999999,>= 0.89,False
XGBoost,Holdout,Test,Specificity,0.8606544165054802,>= 0.89,False
XGBoost,Holdout,Test,Precision,0.8719724284199363,>= 0.89,False
XGBoost,Holdout,Test,F1,0.8675422427035331,>= 0.89,False
XGBoost,Holdout,Train - Test,Accuracy gap,0.05833333333333335,<= 0.05,False
XGBoost,CV,CV Train,Accuracy,0.9210833333333334,>= 0.89,True
XGBoost,CV,CV Train,Sensitivity,0.9210833333333335,>= 0.89,True
XGBoost,CV,CV Train,Specificity,0.9104545803572438,>= 0.89,True
XGBoost,CV,CV Train,Precision,0.9212707944023235,>= 0.89,True
XGBoost,CV,CV Train,F1,0.9188962694502775,>= 0.89,True
XGBoost,CV,CV Test,Accuracy,0.901,>= 0.89,True
XGBoost,CV,CV Test,Sensitivity,0.9010000000000001,>= 0.89,True
XGBoost,CV,CV Test,Specificity,0.9004020214738849,>= 0.89,True
XGBoost,CV,CV Test,Precision,0.8993728792353007,>= 0.89,True
XGBoost,CV,CV Test,F1,0.8979426562122137,>= 0.89,True
XGBoost,CV,Train - Test,Accuracy gap,0.020083333333333342,<= 0.05,True
SVM-RBF,Holdout,Train,Accuracy,0.9166666666666666,>= 0.89,True
SVM-RBF,Holdout,Train,Sensitivity,0.9166666666666666,>= 0.89,True
SVM-RBF,Holdout,Train,Specificity,0.9128328544345098,>= 0.89,True
SVM-RBF,Holdout,Train,Precision,0.9159872126627446,>= 0.89,True
SVM-RBF,Holdout,Train,F1,0.9148584306906743,>= 0.89,True
SVM-RBF,Holdout,Test,Accuracy,0.8833333333333333,>= 0.89,False
SVM-RBF,Holdout,Test,Sensitivity,0.8833333333333333,>= 0.89,False
SVM-RBF,Holdout,Test,Specificity,0.862422093273157,>= 0.89,False
SVM-RBF,Holdout,Test,Precision,0.8828662475990919,>= 0.89,False
SVM-RBF,Holdout,Test,F1,0.8750518925518925,>= 0.89,False
SVM-RBF,Holdout,Train - Test,Accuracy gap,0.033333333333333326,<= 0.05,True
SVM-RBF,CV,CV Train,Accuracy,0.9110833333333332,>= 0.89,True
SVM-RBF,CV,CV Train,Sensitivity,0.9110833333333334,>= 0.89,True
SVM-RBF,CV,CV Train,Specificity,0.9026105364659925,>= 0.89,True
SVM-RBF,CV,CV Train,Precision,0.9109613361055581,>= 0.89,True
SVM-RBF,CV,CV Train,F1,0.9082762502257609,>= 0.89,True
SVM-RBF,CV,CV Test,Accuracy,0.9030000000000001,>= 0.89,True
SVM-RBF,CV,CV Test,Sensitivity,0.9030000000000001,>= 0.89,True
SVM-RBF,CV,CV Test,Specificity,0.9017022435069357,>= 0.89,True
SVM-RBF,CV,CV Test,Precision,0.9015710249691635,>= 0.89,True
SVM-RBF,CV,CV Test,F1,0.8998850870920407,>= 0.89,True
SVM-RBF,CV,Train - Test,Accuracy gap,0.00808333333333311,<= 0.05,True
