Model,fold,Train_Accuracy,Train_Sensitivity,Train_Specificity,Train_Precision,Train_F1,Test_Accuracy,Test_Sensitivity,Test_Specificity,Test_Precision,Test_F1
SSGMM,0,0.91875,0.9187500000000001,0.9170658760243646,0.9181316773504274,0.9168629423769203,0.9,0.9000000000000001,0.8844069990523079,0.9013541666666667,0.8970866970866971
SSGMM,1,0.8979166666666667,0.8979166666666666,0.8954593514301259,0.896957531729896,0.8957540401030845,0.9583333333333334,0.9583333333333333,0.967034764117144,0.9580240665766981,0.957086978381096
SSGMM,2,0.9125,0.9125,0.9065895126378999,0.912084100950336,0.9107521542709837,0.9166666666666666,0.9166666666666665,0.9252854781330225,0.9153679653679654,0.9147933366320303
SSGMM,3,0.9145833333333333,0.9145833333333333,0.9124914190560433,0.9136113469156765,0.9129418882619273,0.85,0.85,0.8766279819471309,0.8457128982128981,0.8460298551661012
SSGMM,4,0.90625,0.90625,0.9132222380538356,0.9044274575653442,0.9043947224179784,0.9083333333333333,0.9083333333333333,0.90178916827853,0.9098484848484848,0.9073611111111111
SSGMM,5,0.90625,0.90625,0.9057004444150759,0.9051925016476603,0.9043662055896502,0.9083333333333333,0.9083333333333333,0.9215143425097658,0.9065306915306917,0.9062148917961744
SSGMM,6,0.8979166666666667,0.8979166666666668,0.9007496762290136,0.8960529493206871,0.895606715941457,0.925,0.925,0.9254750017335829,0.9255537974683544,0.9224400871459696
SSGMM,7,0.9041666666666667,0.9041666666666667,0.9098025182702604,0.9019480682668574,0.901452816622236,0.8666666666666667,0.8666666666666665,0.8801989776873794,0.8645760233918128,0.8650078375869362
SSGMM,8,0.90625,0.9062499999999999,0.907746594736674,0.9047067527723992,0.9041234462888892,0.9166666666666666,0.9166666666666665,0.9248334407908876,0.9155570175438595,0.9154320195639776
SSGMM,9,0.91875,0.91875,0.9222427696512819,0.9188773899711401,0.917613946765706,0.8916666666666667,0.8916666666666665,0.8748280679131741,0.8940624999999999,0.8862636165577341
SSGMM,10,0.9,0.9000000000000001,0.9013118455411829,0.8981232697622613,0.8974557335518357,0.9166666666666666,0.9166666666666666,0.9232820192774426,0.9166267942583732,0.9157339051074826
SSGMM,11,0.9166666666666666,0.9166666666666666,0.905126057583243,0.9171228077685973,0.9146088091106889,0.9,0.9,0.9197466657420891,0.898962148962149,0.8977593440122044
SSGMM,12,0.9041666666666667,0.9041666666666667,0.9100430185107605,0.9029022907239819,0.9029385521885522,0.9,0.8999999999999999,0.9104714674223553,0.8978147939017502,0.897863095238095
SSGMM,13,0.9166666666666666,0.9166666666666666,0.9215807036993542,0.9157734777657919,0.9151637004374457,0.8916666666666667,0.8916666666666666,0.8647270578121641,0.8936018294864913,0.88792099149242
SSGMM,14,0.9020833333333333,0.9020833333333333,0.9013743269469383,0.9011010223841603,0.900037779913849,0.9083333333333333,0.9083333333333332,0.9219911884805501,0.9104598506069094,0.9073867727376499
SSGMM,15,0.9104166666666667,0.9104166666666665,0.9122289649141846,0.9090659340659342,0.9082191689755672,0.9,0.9,0.8960451193860804,0.899069884364002,0.8975877192982457
SSGMM,16,0.9041666666666667,0.9041666666666668,0.9049105609511418,0.9027872314506893,0.9019648741374683,0.9083333333333333,0.9083333333333333,0.9219396481982294,0.9102806915306916,0.9066225803526905
SSGMM,17,0.9020833333333333,0.9020833333333333,0.9069905079985725,0.9010243852263067,0.9008421572951221,0.925,0.9249999999999999,0.9053334323651072,0.9271159511784511,0.9225046354239095
SSGMM,18,0.8958333333333334,0.8958333333333334,0.8997087596646165,0.8938332453206596,0.8935004724847344,0.925,0.9249999999999998,0.9260638297872341,0.9283990700657367,0.9234016658167601
SSGMM,19,0.9145833333333333,0.9145833333333334,0.9153361175724445,0.9137889646173772,0.9134759893523997,0.875,0.8749999999999999,0.8830055877928218,0.8726470231966568,0.8713669590643274
SSGMM,20,0.9041666666666667,0.9041666666666667,0.9160604959283293,0.9020968835046604,0.9023027731013843,0.8916666666666667,0.8916666666666667,0.8834899336615584,0.8918727649162432,0.8911337470162781
SSGMM,21,0.90625,0.9062500000000001,0.9053588731874287,0.9049924522172974,0.9036617844476755,0.9,0.9,0.9085338510967802,0.9033516762921797,0.8998967940272289
SSGMM,22,0.90625,0.90625,0.9050232548216419,0.9048859618630307,0.904313433057745,0.8833333333333333,0.8833333333333333,0.9057632683532539,0.8813540260908681,0.8806569943413606
SSGMM,23,0.9125,0.9125,0.9148878053361575,0.9113802716196333,0.9111178606748589,0.9,0.8999999999999999,0.8888459058671824,0.9014527831925492,0.8957171089779785
SSGMM,24,0.8979166666666667,0.8979166666666666,0.8974192502423225,0.8961164248802921,0.8950067631938453,0.925,0.9249999999999998,0.9372394154309047,0.9255895730611932,0.9233381986052887
XGBoost,0,0.9270833333333334,0.9270833333333335,0.919086839121277,0.9271640909536069,0.9253934049231526,0.8916666666666667,0.8916666666666667,0.8822140165961676,0.893261316872428,0.8858602150537634
XGBoost,1,0.9104166666666667,0.9104166666666668,0.8954471339104624,0.9110270149016401,0.9076023334721789,0.95,0.95,0.9424161523703857,0.9499732905982906,0.9485809303478477
XGBoost,2,0.91875,0.9187500000000001,0.9079152702136575,0.9186412318336314,0.9165085628279706,0.9083333333333333,0.9083333333333332,0.9230924956768821,0.9064364035087717,0.9067380419729413
XGBoost,3,0.93125,0.93125,0.9163985475197998,0.9321917628222948,0.9293969561483716,0.8583333333333333,0.8583333333333333,0.8895712443584785,0.8562881388253242,0.8564500296763
XGBoost,4,0.9229166666666667,0.9229166666666667,0.914284668001191,0.9230011816297644,0.9208007321552203,0.9,0.8999999999999999,0.8776703202235115,0.9022695707070706,0.8977700268141443
XGBoost,5,0.9208333333333333,0.9208333333333334,0.9062503962075817,0.9216501881357,0.9185330648551168,0.8833333333333333,0.8833333333333333,0.9032972748075723,0.8786853902953586,0.878092798681034
XGBoost,6,0.9208333333333333,0.9208333333333334,0.9145843831715016,0.9202411763244537,0.9185470950941248,0.9166666666666666,0.9166666666666666,0.9232820192774426,0.9148791942937512,0.9137375617149182
XGBoost,7,0.93125,0.93125,0.9192403101677294,0.9315289100241546,0.9290898334255333,0.875,0.8749999999999999,0.8820697259866992,0.8731269461532619,0.8728241247718599
XGBoost,8,0.9229166666666667,0.9229166666666667,0.9088090246840292,0.9235699235761113,0.9207901377735189,0.9166666666666666,0.9166666666666665,0.9248334407908876,0.9155570175438595,0.9154320195639776
XGBoost,9,0.925,0.9250000000000002,0.9205292541281006,0.924445306038048,0.9232969382634141,0.8833333333333333,0.8833333333333332,0.8618848055018267,0.8864355808800253,0.8761268143621084
XGBoost,10,0.9125,0.9125000000000001,0.9040017189589045,0.9127217549454217,0.9096112933122676,0.925,0.925,0.9250496960451193,0.9243506493506494,0.923717768071016
XGBoost,11,0.9208333333333333,0.9208333333333334,0.9061365391316992,0.9219006298654663,0.9187989647100961,0.9,0.9,0.9197466657420891,0.898962148962149,0.8977593440122044
XGBoost,12,0.925,0.925,0.9094815280299152,0.925935400851783,0.92315644589549,0.9,0.8999999999999999,0.8993989533103275,0.897425548828961,0.8961074561403507
XGBoost,13,0.9291666666666667,0.9291666666666668,0.9273290293491178,0.9286154902542526,0.9277876370779249,0.8916666666666667,0.8916666666666666,0.8647270578121641,0.8936018294864913,0.88792099149242
XGBoost,14,0.9229166666666667,0.9229166666666667,0.9115468463426101,0.9232356934001671,0.92080041694097,0.8916666666666667,0.8916666666666665,0.896104663657855,0.8942155067155066,0.8866429564222058
XGBoost,15,0.9270833333333334,0.9270833333333335,0.9161570340321271,0.9274793084687689,0.9255397547647806,0.9,0.9,0.8956198136976169,0.9021272554605888,0.896502474134053
XGBoost,16,0.9145833333333333,0.9145833333333333,0.9046777453469561,0.9146286763131983,0.9123385099653897,0.9,0.9,0.9197466657420891,0.898962148962149,0.8977593440122044
XGBoost,17,0.9229166666666667,0.9229166666666667,0.9087991085974958,0.9235184177325393,0.920650360526098,0.925,0.9249999999999999,0.9053334323651072,0.9271159511784511,0.9225046354239095
XGBoost,18,0.9125,0.9125000000000001,0.9035090112705526,0.9119584530200614,0.9096087659385532,0.9166666666666666,0.9166666666666665,0.9237588652482269,0.9218073593073592,0.9144012345679012
XGBoost,19,0.9333333333333333,0.9333333333333335,0.9197984351303082,0.9340636034386035,0.9317413945592062,0.875,0.8749999999999999,0.871830002149151,0.8729766414141413,0.8707935310876487
XGBoost,20,0.9229166666666667,0.9229166666666667,0.917848643421056,0.922399351389419,0.9209031120818904,0.9,0.9000000000000001,0.8736194900954627,0.9005485104669887,0.8963078804611063
XGBoost,21,0.9104166666666667,0.9104166666666668,0.9008513157852325,0.9102818758642225,0.9072760059652156,0.9083333333333333,0.9083333333333334,0.8986634075306844,0.9099419831223629,0.9063180827886711
XGBoost,22,0.9166666666666666,0.9166666666666667,0.9073531009014881,0.9163664552325775,0.9144859272963913,0.9166666666666666,0.9166666666666666,0.9138907298641741,0.917339135021097,0.912390350877193
XGBoost,23,0.91875,0.9187500000000001,0.907805523353635,0.9188103294709153,0.9166476937813145,0.8666666666666667,0.8666666666666666,0.8578121641951428,0.8640256678889471,0.8573648177219606
XGBoost,24,0.90625,0.9062500000000001,0.8935231021546677,0.9063936335712884,0.903101394502748,0.925,0.9249999999999999,0.9367021276595744,0.9306261343012703,0.9228437055114908
SVM-RBF,0,0.9145833333333333,0.9145833333333333,0.9077214075119884,0.9141997354497355,0.9123286732456141,0.8916666666666667,0.8916666666666668,0.8822140165961676,0.8933333333333334,0.8877344877344877
SVM-RBF,1,0.9041666666666667,0.9041666666666667,0.8911723921124517,0.9042195908899373,0.9009227661192009,0.9416666666666667,0.9416666666666667,0.9397978642257818,0.9452279202279203,0.9385796221322538
SVM-RBF,2,0.9083333333333333,0.9083333333333333,0.8992819904110227,0.9093692122376794,0.9051668954749792,0.9166666666666666,0.9166666666666665,0.9249632439762018,0.9151579232171336,0.9146039488966318
SVM-RBF,3,0.9229166666666667,0.9229166666666667,0.9115468463426101,0.9232245857540431,0.9206631615343939,0.8583333333333333,0.8583333333333333,0.878932946486138,0.8566544566544566,0.8549751068526606
SVM-RBF,4,0.9145833333333333,0.9145833333333334,0.9092192131083605,0.915251753200798,0.9119428260442011,0.9,0.8999999999999999,0.8776703202235115,0.9022695707070706,0.8977700268141443
SVM-RBF,5,0.9104166666666667,0.9104166666666668,0.89533327683458,0.9112936406613409,0.9075943732193733,0.9083333333333333,0.9083333333333334,0.9210890368213022,0.9052617521367522,0.9055113745903219
SVM-RBF,6,0.90625,0.9062500000000001,0.8998408342367762,0.9056043575792287,0.9032892479270134,0.9166666666666666,0.9166666666666666,0.9232820192774426,0.9148791942937512,0.9137375617149182
SVM-RBF,7,0.9208333333333333,0.9208333333333334,0.913458121925864,0.922171416640568,0.9175148910676637,0.875,0.8749999999999999,0.8817474918298784,0.8743715434891904,0.8717099677364576
SVM-RBF,8,0.9083333333333333,0.9083333333333334,0.8999814419972183,0.907792411300666,0.9056152824512056,0.9166666666666666,0.9166666666666665,0.9248334407908876,0.9155570175438595,0.9154320195639776
SVM-RBF,9,0.91875,0.9187500000000002,0.9079124002114554,0.9189944512783885,0.9167285179658983,0.8833333333333333,0.8833333333333332,0.8618848055018267,0.8864355808800253,0.8761268143621084
SVM-RBF,10,0.9041666666666667,0.9041666666666668,0.8965765739872219,0.9034160889555938,0.9004271341984462,0.9166666666666666,0.9166666666666667,0.9228567135889789,0.9152827969132317,0.9153491178951526
SVM-RBF,11,0.9145833333333333,0.9145833333333334,0.8991597063963037,0.9155063220190475,0.9120702170170256,0.9,0.9,0.9197466657420891,0.898962148962149,0.8977593440122044
SVM-RBF,12,0.9125,0.9125000000000001,0.9005265791556115,0.9129174771352231,0.9098700187839966,0.9083333333333333,0.9083333333333333,0.9012697016096471,0.9070862638533673,0.9038183970169263
SVM-RBF,13,0.9125,0.9125,0.9120431068197564,0.9112365366753084,0.9103463107492329,0.9,0.8999999999999999,0.8664947345798408,0.9047260516083421,0.8958302245629435
SVM-RBF,14,0.9041666666666667,0.9041666666666667,0.9013951317519437,0.9026766023673736,0.9008346234144107,0.9,0.8999999999999999,0.9090479260692026,0.9022402597402597,0.8965679012345678
SVM-RBF,15,0.9125,0.9125,0.9015273421732841,0.912574699067072,0.9100618050511863,0.8916666666666667,0.8916666666666667,0.8938521369299401,0.8907318376068376,0.8882674857520059
SVM-RBF,16,0.8979166666666667,0.8979166666666667,0.8977060140639813,0.8965458317084796,0.8947335484166209,0.9083333333333333,0.9083333333333333,0.9215143425097658,0.9065306915306917,0.9062148917961744
SVM-RBF,17,0.9166666666666666,0.9166666666666667,0.9046222594609693,0.9167190135049773,0.9143420861416107,0.925,0.9249999999999999,0.9053334323651072,0.9271159511784511,0.9225046354239095
SVM-RBF,18,0.9,0.9000000000000001,0.8947022333887471,0.8990416411054419,0.8960774410774411,0.9166666666666666,0.9166666666666665,0.9237588652482269,0.9218073593073592,0.9144012345679012
SVM-RBF,19,0.9291666666666667,0.9291666666666668,0.9159502352835129,0.9297686494937464,0.9274730604626198,0.8833333333333333,0.8833333333333332,0.8735976789168277,0.8818280847692611,0.878334092807777
SVM-RBF,20,0.9125,0.9125,0.9097474720613218,0.9114677592990387,0.9100959077036896,0.9166666666666666,0.9166666666666667,0.8775801493192797,0.9213795731707318,0.9140641050215519
SVM-RBF,21,0.9083333333333333,0.9083333333333334,0.903218951562213,0.9072603056506741,0.905322445069982,0.9166666666666666,0.9166666666666667,0.9124945103205974,0.9207459207459209,0.9159073394079514
SVM-RBF,22,0.9145833333333333,0.9145833333333334,0.9067909315893188,0.9140193239967681,0.9120384591988807,0.8916666666666667,0.8916666666666666,0.9076340166525736,0.8909646725823195,0.8884831573655101
SVM-RBF,23,0.9125,0.9125000000000001,0.9032952575549119,0.9127585252486102,0.9097431879188782,0.875,0.8749999999999999,0.8595798409628196,0.8771341777365873,0.866200351935646
SVM-RBF,24,0.8958333333333334,0.8958333333333334,0.8825336917083886,0.8960034714192107,0.8917033753904559,0.9166666666666666,0.9166666666666666,0.9343971631205672,0.9246491228070175,0.913633748801534
DeepMLP,0,0.9208333333333333,0.9208333333333334,0.9062503962075817,0.9216905235233365,0.918460262911674,0.875,0.875,0.8558277280817327,0.8734920634920635,0.8670694979514463
DeepMLP,1,0.9,0.9,0.8818279236000756,0.9010268127214588,0.8966431548588807,0.9583333333333334,0.9583333333333333,0.9441838291380624,0.960042735042735,0.9570175438596491
DeepMLP,2,0.9083333333333333,0.9083333333333334,0.8913299663299664,0.9090544077685422,0.9055624459836585,0.9166666666666666,0.9166666666666665,0.9142129640209947,0.915932400932401,0.9145802720129901
DeepMLP,3,0.9208333333333333,0.9208333333333334,0.9081469587321015,0.9215775813422595,0.9187817913915216,0.8416666666666667,0.8416666666666667,0.8519718461207823,0.8369112510851352,0.8370248538011695
DeepMLP,4,0.9208333333333333,0.9208333333333334,0.9082538355899219,0.9212862946148026,0.9186549648130823,0.9083333333333333,0.9083333333333332,0.8799752847625187,0.9129629629629629,0.9060379336975081
DeepMLP,5,0.9104166666666667,0.9104166666666667,0.8869992898706599,0.9132400526460125,0.9074819592944658,0.8666666666666667,0.8666666666666667,0.842847236668747,0.8644047619047619,0.858599339570721
DeepMLP,6,0.9083333333333333,0.9083333333333333,0.9029912374104482,0.9080936576603138,0.9059302305230523,0.9333333333333333,0.9333333333333333,0.9276679841897233,0.9371068277713848,0.9310895664349838
DeepMLP,7,0.9208333333333333,0.9208333333333334,0.9055060978448076,0.9215638061728104,0.9183576062003749,0.8916666666666667,0.8916666666666666,0.8864556908989799,0.8915750915750915,0.8896074814125355
DeepMLP,8,0.9145833333333333,0.9145833333333333,0.9040642003646598,0.9144131070929421,0.9119802200234481,0.9166666666666666,0.9166666666666665,0.9248334407908876,0.9155570175438595,0.9154320195639776
DeepMLP,9,0.9229166666666667,0.9229166666666668,0.9031196276512267,0.9246811868686869,0.9208099303947593,0.8916666666666667,0.8916666666666665,0.8641897700408337,0.8950181363352094,0.8841155386885937
DeepMLP,10,0.9041666666666667,0.9041666666666668,0.8968042881389866,0.903253995954083,0.9013502063071028,0.9,0.9,0.9197466657420891,0.9025892857142858,0.8992975715721557
DeepMLP,11,0.91875,0.9187500000000001,0.9000563308688775,0.9207572614498075,0.9161060127731803,0.8916666666666667,0.8916666666666667,0.9059155629521762,0.8884026522001206,0.8880820031559226
DeepMLP,12,0.9145833333333333,0.9145833333333334,0.9013292487082811,0.9147868368488259,0.9123371761579774,0.9166666666666666,0.9166666666666666,0.8923901699537596,0.9196636847780637,0.9133291649249096
DeepMLP,13,0.9104166666666667,0.9104166666666668,0.9030606990342657,0.9096156533892383,0.9075210655009328,0.9,0.8999999999999999,0.8659574468085105,0.9086512717536812,0.8938278029160381
DeepMLP,14,0.9104166666666667,0.9104166666666667,0.9032744527499065,0.9097156568453045,0.9078192665435425,0.8833333333333333,0.8833333333333332,0.8831614012465074,0.8857731676824504,0.8781856173452498
DeepMLP,15,0.9166666666666666,0.9166666666666666,0.8998357327843554,0.9178400745110872,0.914543766315497,0.8833333333333333,0.8833333333333333,0.8916591544737997,0.882744539411206,0.8787674313990104
DeepMLP,16,0.9041666666666667,0.9041666666666667,0.8966904310631043,0.9032371541836103,0.9008118920087007,0.9166666666666666,0.9166666666666667,0.9232820192774426,0.9147225644937316,0.9146162280701754
DeepMLP,17,0.91875,0.9187500000000001,0.9020928369718693,0.9199638651500562,0.9160356774044027,0.925,0.9249999999999999,0.9053334323651072,0.9271159511784511,0.9225046354239095
DeepMLP,18,0.9125,0.9125000000000001,0.8948680388635284,0.9145220175694787,0.9092799140445178,0.925,0.9249999999999998,0.9260638297872341,0.9283990700657367,0.9234016658167601
DeepMLP,19,0.9229166666666667,0.9229166666666667,0.9088090246840292,0.9235770999971771,0.9206232913838613,0.875,0.875,0.838840532989469,0.8808391382868935,0.8678965674535294
DeepMLP,20,0.9104166666666667,0.9104166666666667,0.9118873936865374,0.9092488330063935,0.9084974522280915,0.9,0.9,0.873194184406999,0.9023263888888888,0.8975814404385832
DeepMLP,21,0.9104166666666667,0.9104166666666668,0.9008513157852325,0.9102171539919293,0.906938180974144,0.9083333333333333,0.9083333333333334,0.8870252871969119,0.9106297379250595,0.9049732970936748
DeepMLP,22,0.9125,0.9125000000000001,0.9062287622771495,0.9117689462560387,0.9098943286823611,0.9083333333333333,0.9083333333333332,0.9009474674528265,0.9096387130801687,0.9043859649122806
DeepMLP,23,0.91875,0.9187500000000001,0.9023298800364733,0.9195430383461874,0.9165415645424837,0.8583333333333333,0.8583333333333332,0.8560444874274661,0.8536065687361418,0.8506342632955536
DeepMLP,24,0.9041666666666667,0.9041666666666667,0.8847544480848177,0.9051986509232305,0.9007777477215849,0.9166666666666666,0.9166666666666666,0.935471738663228,0.9167202917202917,0.9155474155474154
