feature,kruskal_H,p,mutual_info,mean_Comedy,mean_Drama,mean_Reality,q
M,27.64807662509679,9.915085035749058e-07,0.0722248462441204,0.7937603220348078,-0.09784096834021597,0.5118720336932827,1.9830170071498116e-06
A,35.83921073505962,1.6504952203428567e-08,0.04848433316331091,0.8854439366344019,0.6856714206466121,-0.20023138178407004,9.423097590967391e-08
B,1.429178783264888,0.4893930194151296,0.035664397556419924,0.5533418584971967,0.34123147875168597,0.48606292583992805,0.5338832939074141
C,30.286740308206618,2.6504395571215057e-07,0.033405206868334814,0.011913685364225497,0.6309441957168016,-0.007960085392105212,6.361054937091613e-07
N,42.461597069893514,6.019790120409953e-10,0.02372075263782958,-0.4224907008841845,0.0549824054933289,1.0617228657852298,7.223748144491944e-09
J,35.12762247844853,2.3557743977418478e-08,0.021264868408383153,-0.7541282785704515,-0.13242230364995775,0.09627546505553133,9.423097590967391e-08
L,18.370847934237872,0.00010252294127429881,0.018661620232865106,-0.767366857655553,-0.11979405042763824,-1.233533641765964,0.00017575361361308367
I,31.45131540649163,1.4805859886830603e-07,0.012353373351581931,-0.14721241332567817,-0.8323994133522686,-0.8723227335529717,4.441757966049181e-07
E,1.688866139343645,0.4298009563498624,0.007283228555906351,-0.09248461846062186,0.004430915880813631,-0.06452900304173723,0.5157611476198348
O,0.7855172984475303,0.6751916859602045,0.00677156129255696,-0.027706920468454316,0.04831106276493791,0.01662642540314821,0.6751916859602045
G,8.64718118659016,0.013252214700696357,0.004277620947777505,0.01470605172450142,-0.1858291549740223,0.15364482526656043,0.019878322051044534
H,2.3113762530770146,0.31484081202673486,0.0,0.0062706401712396215,0.13849893955543743,0.0489959650165055,0.41978774936897983
