,,Comedy,Drama,Reality
A,mean,0.885,0.686,-0.2
A,std,1.408,1.228,1.744
B,mean,0.553,0.341,0.486
B,std,1.52,1.783,1.296
C,mean,0.012,0.631,-0.008
C,std,1.318,1.014,1.181
E,mean,-0.092,0.004,-0.065
E,std,0.99,0.875,0.981
G,mean,0.015,-0.186,0.154
G,std,0.998,0.949,1.046
H,mean,0.006,0.138,0.049
H,std,0.968,0.998,0.939
I,mean,-0.147,-0.832,-0.872
I,std,1.536,1.284,1.673
J,mean,-0.754,-0.132,0.096
J,std,1.271,1.468,1.636
L,mean,-0.767,-0.12,-1.234
L,std,2.221,2.098,1.98
M,mean,0.794,-0.098,0.512
M,std,1.029,1.811,1.241
N,mean,-0.422,0.055,1.062
N,std,1.936,2.015,1.927
O,mean,-0.028,0.048,0.017
O,std,0.983,0.982,1.023
