feature,kruskal_p,mutual_info,q_value,pass_fdr,pass_mi,selected,reason,vif_among_candidates,vif_final,in_S1
M,0.0008349830388170505,0.07850617929123005,0.0016412893011489296,True,True,True,kept,1939.5068695151128,2.820936294477752,True
C,0.00025422999211583206,0.06541837339539569,0.0006101519810779969,True,True,True,kept,275.31933278277705,1.638604100641534,True
A,1.733514855975255e-08,0.04576245838378967,1.0401089135851529e-07,True,True,False,dropped,266.5065028246518,1.6468923762723453,True
B,0.9255550605291117,0.041377681448070636,0.9255550605291117,False,True,False,dropped: FDR q >= 0.05,,,False
L,0.0009574187590035422,0.03292530772844238,0.0016412893011489296,True,True,True,kept,10044.013330754446,4.47595190434512,True
N,2.9486777504474082e-09,0.031678995113442854,3.53841330053689e-08,True,True,True,kept,6184.261114217485,2.2567512222851627,True
G,0.013792022685381253,0.015931887808659395,0.02068803402807188,True,True,False,dropped,1.0130958045558525,1.011610873759951,True
E,0.21865287882372822,0.015077912711400021,0.29153717176497096,False,True,False,dropped: FDR q >= 0.05,,,False
J,1.440519438501761e-07,0.010877192186875773,5.762077754007044e-07,True,True,False,dropped: exact linear redundancy (VIF),3932.1673883819167,,False
H,0.48097318800911315,0.0,0.5771678256109357,False,False,False,dropped: FDR q >= 0.05,,,False
I,1.8689117230064731e-06,0.0,5.606735169019419e-06,True,False,True,kept,,,False
O,0.8173121345903858,0.0,0.8916132377349663,False,False,False,dropped: FDR q >= 0.05,,,False
