strategy,n_features,reference_model,score,sd,features
S1 FDR + MI + VIF,6,"SVM-RBF (C=10, balanced)",0.7711487624468152,0.042662234785978415,"A,C,G,L,M,N"
S1 FDR + MI + VIF,6,"XGBoost (depth 3, 300 trees)",0.72367241160688,0.043813427935359125,"A,C,G,L,M,N"
S1 FDR + MI + VIF,6,Gaussian mixture (2 per genre),0.8750831971593953,0.034192299525861905,"A,C,G,L,M,N"
S2 FDR + MI,7,"SVM-RBF (C=10, balanced)",0.7836293761476616,0.04026716935430364,"A,C,G,J,L,M,N"
S2 FDR + MI,7,"XGBoost (depth 3, 300 trees)",0.7336083804605876,0.041387601176683726,"A,C,G,J,L,M,N"
S2 FDR + MI,7,Gaussian mixture (2 per genre),0.8767062886865192,0.02775611757923306,"A,C,G,J,L,M,N"
S3 FDR only,8,"SVM-RBF (C=10, balanced)",0.7913301653670398,0.03891123423205298,"A,C,G,I,J,L,M,N"
S3 FDR only,8,"XGBoost (depth 3, 300 trees)",0.7331464787938461,0.04210614993871374,"A,C,G,I,J,L,M,N"
S3 FDR only,8,Gaussian mixture (2 per genre),0.8713011913262724,0.027579905211394196,"A,C,G,I,J,L,M,N"
S4 all cleaned,12,"SVM-RBF (C=10, balanced)",0.7416803640471861,0.05125884621390668,"A,B,C,E,G,H,I,J,L,M,N,O"
S4 all cleaned,12,"XGBoost (depth 3, 300 trees)",0.7357870524288569,0.04783128056294672,"A,B,C,E,G,H,I,J,L,M,N,O"
S4 all cleaned,12,Gaussian mixture (2 per genre),0.8327619682603682,0.03271334959382803,"A,B,C,E,G,H,I,J,L,M,N,O"
S5 latent basis,5,"SVM-RBF (C=10, balanced)",0.7774737088049902,0.04558087537918609,"C,I,L,M,N"
S5 latent basis,5,"XGBoost (depth 3, 300 trees)",0.6745860778656501,0.04131163280002142,"C,I,L,M,N"
S5 latent basis,5,Gaussian mixture (2 per genre),0.8848386355262164,0.037361824205841825,"C,I,L,M,N"
