step,score,sd,accuracy,features
0 always Comedy,0.37517361111111114,0.0050781250000000435,0.6125,"C,I,L,M,N"
"1 previous release: RBF-SVM, 7 features",0.7838945784173093,0.04343522811764469,0.79375,"A,C,G,J,L,M,N"
"2 same SVM, 5-D latent basis",0.7888330303574946,0.04457484590415755,0.7947916666666666,"C,I,L,M,N"
"3 Gaussian mixture, 2 per genre",0.88524730727967,0.029760138544573923,0.8947916666666668,"C,I,L,M,N"
4 + 400 unlabelled shows (semi-supervised),0.8970345666801107,0.02126342545902615,0.9083333333333334,"C,I,L,M,N"
5 tuned SSGMM,0.9041260545681105,0.031535664398100204,,"C,I,L,M,N"
5 tuned XGBoost,0.904255202786255,0.02902677925502703,,"C,I,L,M,N"
5 tuned SVM-RBF,0.8993587155569458,0.03691204395269389,,"C,I,L,M,N"
5 tuned DeepMLP,0.8960570908130652,0.03811895254452451,,"C,I,L,M,N"
