feature,lower_fence,upper_fence,n_outliers,pct_outliers,n_abs_z_gt_3
M,-2.5343349227063086,3.885220828615178,10,2.083333333333333,4
E,-2.4981346626965015,2.3453604014282368,8,1.6666666666666667,3
A,-3.168109116793875,4.542562195371842,6,1.25,6
O,-2.486545206044733,2.5678531123544666,5,1.0416666666666665,1
G,-2.6649574745301514,2.7033993438377504,4,0.8333333333333334,2
C,-3.179703272200842,3.3962813103184883,4,0.8333333333333334,0
L,-6.444918525463319,4.749769778286036,4,0.8333333333333334,1
J,-4.2595581603548,3.129581378499592,3,0.625,3
H,-2.60588783138999,2.678398254865118,3,0.625,3
I,-4.631276770592114,3.7725398044273426,3,0.625,0
B,-3.5509476398497535,4.699887976980693,2,0.4166666666666667,2
N,-5.872287084957579,5.757216805833965,1,0.20833333333333334,0
