Model,feature,accuracy_drop_mean,accuracy_drop_sd
SSGMM,C,0.3341666666666666,0.03404449702635916
SSGMM,I,0.5345833333333332,0.03132213895775462
SSGMM,L,0.32458333333333333,0.030216234598859814
SSGMM,M,0.44666666666666666,0.03711842908553348
SSGMM,N,0.5233333333333333,0.037969285832981724
XGBoost,C,0.3533333333333334,0.03578485092263982
XGBoost,I,0.54625,0.036081986118037104
XGBoost,L,0.3433333333333333,0.024944382578492942
XGBoost,M,0.4683333333333334,0.03657184709581949
XGBoost,N,0.5416666666666665,0.03809709816887487
SVM-RBF,C,0.3525,0.038197222121219454
SVM-RBF,I,0.5554166666666667,0.03387835674225589
SVM-RBF,L,0.3375,0.026809513236909034
SVM-RBF,M,0.46291666666666664,0.03859287139125855
SVM-RBF,N,0.5408333333333333,0.03960744879438716
