X1,X2,r_C_X1,r_C_X2,r_X1_X2,max_abs_r,min_p,uncorrelated_as_measured,cv_rmse_ols
B,M,0.60081,-0.03382,0.72071,0.72071,0.0,False,0.28893
I,N,0.28646,-0.53464,-0.8104,0.8104,0.0,False,0.4198
L,N,0.50545,-0.53464,-0.60295,0.60295,0.0,False,0.6103
B,L,0.60081,0.50545,-0.02534,0.60081,0.0,False,1.01289
M,N,-0.03382,-0.53464,0.15264,0.53464,0.0,False,1.11967
A,N,0.11594,-0.53464,0.05543,0.53464,0.0,False,1.11989
B,N,0.60081,-0.53464,-0.08435,0.60081,0.0,False,1.14191
E,N,0.03285,-0.53464,0.01507,0.53464,0.0,False,1.14746
N,O,-0.53464,-0.00929,0.00072,0.53464,0.0,False,1.14751
H,N,0.0152,-0.53464,0.0141,0.53464,0.0,False,1.14791
G,N,0.00876,-0.53464,-0.02267,0.53464,0.0,False,1.14838
I,L,0.28646,0.50545,0.71886,0.71886,0.0,False,1.1506
A,L,0.11594,0.50545,0.13698,0.50545,0.0,False,1.19782
L,M,0.50545,-0.03382,-0.58505,0.58505,0.0,False,1.20451
E,L,0.03285,0.50545,-0.00831,0.50545,0.0,False,1.23724
G,L,0.00876,0.50545,-0.01058,0.50545,0.0,False,1.23811
L,O,0.50545,-0.00929,-0.01136,0.50545,0.0,False,1.23948
H,L,0.0152,0.50545,-0.00688,0.50545,0.0,False,1.23989
A,M,0.11594,-0.03382,0.33598,0.33598,0.0,False,1.27337
A,B,0.11594,0.60081,0.46555,0.60081,0.0,False,1.2841
B,I,0.60081,0.28646,0.07842,0.60081,0.0,False,1.29538
B,G,0.60081,0.00876,0.01345,0.60081,0.0,False,1.29813
B,E,0.60081,0.03285,0.09212,0.60081,0.0,False,1.29831
B,O,0.60081,-0.00929,0.00527,0.60081,0.0,False,1.29875
A,I,0.11594,0.28646,-0.05143,0.28646,0.0,False,1.29973
B,H,0.60081,0.0152,0.04838,0.60081,0.0,False,1.30019
A,E,0.11594,0.03285,0.05791,0.11594,0.00154,False,1.3016
A,G,0.11594,0.00876,-0.03291,0.11594,0.00154,False,1.30176
A,O,0.11594,-0.00929,0.03748,0.11594,0.00154,False,1.30217
A,H,0.11594,0.0152,0.03873,0.11594,0.00154,False,1.30425
G,M,0.00876,-0.03382,0.02215,0.03382,0.3569,True,1.3428
E,M,0.03285,-0.03382,0.0749,0.0749,0.0411,False,1.34294
I,M,0.28646,-0.03382,-0.12577,0.28646,0.0,False,1.34459
M,O,-0.03382,-0.00929,0.01656,0.03382,0.3569,True,1.34481
H,M,0.0152,-0.03382,0.03947,0.03947,0.2823,True,1.34485
E,G,0.03285,0.00876,-0.01814,0.03285,0.37087,True,1.34831
G,I,0.00876,0.28646,0.02311,0.28646,0.0,False,1.34849
E,I,0.03285,0.28646,0.00146,0.28646,0.0,False,1.34886
G,O,0.00876,-0.00929,0.07907,0.07907,0.03104,False,1.34966
E,O,0.03285,-0.00929,-0.02204,0.03285,0.37087,True,1.35006
G,H,0.00876,0.0152,0.038,0.038,0.30065,True,1.35016
I,O,0.28646,-0.00929,-0.01062,0.28646,0.0,False,1.35032
E,H,0.03285,0.0152,0.05817,0.05817,0.11291,True,1.35055
H,I,0.0152,0.28646,-0.00591,0.28646,0.0,False,1.35089
H,O,0.0152,-0.00929,-0.00376,0.0152,0.67884,True,1.35191
