param_clf__C,param_clf__class_weight,param_clf__gamma,param_gmm__clip,param_gmm__components,param_gmm__n_components,mean_train_score,mean_test_score,std_test_score,gap,chosen
0.8468008575248331,,0.008707730657248825,3.0,True,2,0.9138181693591431,0.8993587155569458,0.03691204395269389,0.014459453802197264,True
0.6439928994620848,balanced,0.009366174671446612,3.0,False,3,0.9237276176591817,0.8985281131390579,0.04269641691641723,0.02519950452012376,False
0.22851892235553464,balanced,0.04044118596795728,5.0,False,2,0.9113876347999058,0.8967507791478513,0.031490021364351556,0.014636855652054526,False
0.47217672874681754,,0.035864304781518565,3.0,True,2,0.9157582262029393,0.8949684796479559,0.031994094978831225,0.020789746554983446,False
1.2716915576128593,,0.004203965712872509,3.0,False,3,0.9162742058770166,0.8938718204595624,0.03622802980138816,0.022402385417454207,False
24.65969117210483,balanced,0.02815012690508893,5.0,True,3,0.9553913389097748,0.893554504944803,0.031715691249380194,0.06183683396497175,False
0.13412789501664252,,0.022268664486587986,3.0,True,3,0.9246528797839766,0.8921100772092446,0.041066280767475746,0.032542802574731966,False
4.623397677794912,,0.025687073300238637,3.0,True,3,0.931562866207809,0.8892044621633672,0.042639606460317336,0.0423584040444418,False
0.25667658201371496,,0.9266534160182796,3.0,False,3,0.9203423542020248,0.8890216042217997,0.035547687548645394,0.03132074998022516,False
12.359837100238597,,0.014511154282018547,3.0,False,3,0.9093815653569098,0.8878595042182272,0.043725162140337656,0.021522061138682602,False
3.706960070646058,balanced,0.04255029928096866,5.0,False,2,0.9164092265929582,0.8872323304953259,0.02383441128511057,0.0291768960976323,False
0.6390259853593128,,0.09308803770119252,5.0,True,2,0.9170815643651972,0.8862961696117612,0.03151056053146666,0.030785394753436002,False
0.26880990539303906,,0.013489373196232493,5.0,False,3,0.8992608994840385,0.8841867178533944,0.03765524521013129,0.015074181630644112,False
5.675206026988748,balanced,0.004163329928046794,5.0,False,3,0.918318497953863,0.8837483221902467,0.028742592035856183,0.03457017576361632,False
1.9280010934335174,,0.031329318455880314,5.0,True,3,0.9250087736986142,0.882241514613958,0.04459787786932756,0.042767259084656284,False
0.1981166834561942,balanced,0.012388546234634446,10.0,False,3,0.8972464808682508,0.8809581905708196,0.04204130089842068,0.016288290297431174,False
4.953682563497156,,0.15882258626551232,3.0,False,2,0.9134055742313045,0.8796395344098208,0.03299901010378791,0.03376603982148374,False
3.1420647964844823,,0.24170473766851003,3.0,False,2,0.9140028666590224,0.8796395344098208,0.03299901010378791,0.03436333224920163,False
0.10404501336028159,balanced,0.06676734377958873,5.0,True,2,0.910690854504464,0.8796267166236624,0.027630824115948648,0.031064137880801534,False
0.6359777843991102,,0.546828257959946,10.0,False,2,0.8999391950767294,0.8793379701855126,0.04473636881681913,0.02060122489121674,False
3.7710800938165567,balanced,0.07910377746768293,5.0,True,2,0.9394835789254261,0.8777280856447442,0.016914817676764258,0.06175549328068186,False
3.169832639880166,balanced,0.024070594803860704,3.0,False,2,0.9112613997888136,0.8770170787145648,0.028748170545188793,0.034244321074248796,False
1.1457000811140412,balanced,0.038504720681104034,10.0,True,3,0.9299300797364566,0.876185993649119,0.040236710111485795,0.053744086087337606,False
3.1986171822035616,,0.041084333155004475,5.0,False,2,0.8984095895721541,0.8760168043126406,0.04859613459060926,0.022392785259513492,False
12.75406506969673,balanced,0.02050863937410492,10.0,True,3,0.9419576804097591,0.8744495080936237,0.03656308675738769,0.06750817231613548,False
0.5292705365436974,balanced,0.011597786828637957,5.0,True,3,0.9229078909847791,0.8739082319939631,0.03603231226604872,0.04899965899081604,False
0.5076734398297609,,0.014131146710126781,5.0,False,3,0.8930957683950348,0.8725231332161256,0.04544345647790445,0.02057263517890917,False
0.2820996133514491,,0.10838076969934103,5.0,False,2,0.8944993483467958,0.8704990079012397,0.043528076584313985,0.0240003404455561,False
1.3004555820744672,balanced,0.5428278957436885,5.0,True,3,0.9709551337524026,0.8662951424506428,0.030861091629415343,0.10465999130175985,False
24.606760251270874,balanced,0.07019039203157491,3.0,True,2,0.9407275777941916,0.8650392571221858,0.02622357009432296,0.07568832067200582,False
0.32741359834030564,balanced,0.008779840605512089,10.0,False,3,0.8919877217699845,0.8650004597437185,0.04455954644306405,0.026987262026266,False
0.8147857317658701,balanced,0.9081939291084746,5.0,True,2,0.9565825848965875,0.8592660581875393,0.017502836873976517,0.09731652670904822,False
24.215790507263865,balanced,0.1713217511758436,10.0,True,2,0.9672390283314,0.855976267396928,0.036835688145873624,0.11126276093447196,False
0.522094938112223,balanced,0.49938426217379145,5.0,True,3,0.9509539819360834,0.8558964646464646,0.03664320231071682,0.09505751728961875,False
1.4782014634883789,,0.8484632705254738,10.0,True,2,0.9465130672893534,0.8507959615165713,0.052230062065893236,0.09571710577278203,False
1.1748439548007035,,0.06325051866445566,10.0,False,3,0.8819309910819104,0.848390610463895,0.04686947528315138,0.03354038061801545,False
2.4566974547738343,,0.013278547869304538,10.0,True,2,0.8631045477893269,0.8432278718971645,0.04672706690456802,0.019876675892162354,False
0.31233177533764295,,0.907180190451366,3.0,True,2,0.915667666453815,0.8322069926355404,0.020300275894403332,0.0834606738182746,False
0.10319982330247673,,0.00952306019836701,10.0,True,2,0.629268814911988,0.6169363442389758,0.06612071977275995,0.012332470673012241,False
0.16736271346124196,,0.007200511410331267,10.0,False,3,0.41318008912134124,0.4032909862987989,0.05771410615414038,0.00988910282254235,False
