param_clf__n_components,param_clf__prior_power,param_clf__reg_covar,param_clf__use_unlabelled,mean_train_score,mean_test_score,std_test_score,gap,chosen
2,0.3232540855047879,0.0011290133559092666,True,0.913404791947291,0.9041260545681105,0.031535664398100204,0.009278737379180502,True
2,0.4092543330087071,3.511356313970405e-05,True,0.9160729754603901,0.8986486082253112,0.0307385359868871,0.017424367235078897,False
3,0.9874231643550911,0.0002513556661770828,True,0.9158384227151757,0.8974981642336284,0.03586860793382777,0.0183402584815473,False
3,0.8615960713411256,0.001319994226153501,True,0.915227532661547,0.8963538826076196,0.04201365296574479,0.018873650053927382,False
3,0.3163693765389396,3.872118032174584e-05,True,0.9206660206622679,0.8960411857484887,0.046816297444076796,0.024624834913779203,False
3,0.8284527600144593,1.667761543019792e-05,True,0.9148348362053851,0.8937277799252692,0.041726769932697486,0.021107056280115888,False
2,0.5463626770013608,0.006025271171095384,True,0.9003959579736408,0.8885370470678599,0.030402723223559826,0.01185891090578095,False
3,0.5920524881627769,0.0022673986523780395,True,0.9129341506581848,0.8838001327337045,0.04168041924580928,0.029134017924480338,False
3,0.7074974933369657,0.003159255390701749,True,0.9125442909078553,0.8834847245523507,0.03152294464099779,0.02905956635550455,False
3,0.26543837072185184,0.008123245085588688,False,0.9177159614355928,0.8786189014931033,0.02732510238835778,0.039097059942489465,False
2,0.49399774807244823,0.00014656553886225324,False,0.9126625821792628,0.8742909272202543,0.034005211074193575,0.038371654959008517,False
2,0.5688669058684335,4.205571187007211e-05,False,0.9115673646956794,0.8742909272202543,0.034005211074193575,0.037276437475425195,False
2,0.27348496934166894,0.003363987115958792,False,0.9089154250671287,0.8741563294556881,0.038433528852045554,0.03475909561144064,False
2,0.5432954556799305,3.521342459487091e-05,False,0.9115673646956794,0.8722996841074634,0.03731566901177881,0.03926768058821606,False
3,0.7602306539408348,0.0002246455168053261,False,0.9238799264547823,0.8662701188461067,0.024369566383064405,0.05760980760867562,False
3,0.8474072401451747,3.550621427070769e-05,False,0.9241787758557143,0.8659281216697025,0.035199935274085284,0.05825065418601183,False
3,0.871553131863947,0.00011756010900231849,False,0.9235807741267579,0.8621479617363408,0.030518376473640835,0.06143281239041709,False
3,0.5944366689744004,0.0001002595690228957,False,0.9257069299692496,0.858045753794455,0.03178527822685802,0.06766117617479461,False
1,0.355693168731072,0.002550298070162891,True,0.8128292047873595,0.8044729928606034,0.0477199489765857,0.008356211926756174,False
1,0.4781816822196533,0.00037520558551242813,False,0.8358888048781938,0.7979749327919883,0.048830668892197816,0.03791387208620556,False
1,0.4684218551485314,0.000684792009557478,False,0.8353780796487863,0.7978137291059685,0.04902582605969794,0.037564350542817815,False
1,0.6976376184598653,0.00021751953118777652,True,0.8135698392551566,0.7959652307381443,0.04803511116018483,0.017604608517012288,False
1,0.990165202450388,0.0020736445177905022,False,0.8101556662684407,0.7832178504348184,0.04120361227317906,0.026937815833622314,False
1,0.9742240248059195,0.002661901888489057,True,0.7952886695146194,0.7802090359768705,0.03775877696552614,0.015079633537748882,False
