param_clf__colsample_bytree,param_clf__gamma,param_clf__learning_rate,param_clf__max_depth,param_clf__min_child_weight,param_clf__n_estimators,param_clf__reg_alpha,param_clf__reg_lambda,param_clf__subsample,param_gmm__clip,param_gmm__components,param_gmm__n_components,mean_train_score,mean_test_score,std_test_score,gap,chosen
0.7743668946832931,2.07568559307808,0.07050520093274679,1,4,260,0.001166434154612213,0.4269312731586089,0.6715290836885315,20.0,True,2,0.9259833938864773,0.904255202786255,0.02902677925502703,0.021728191100222283,True
0.5550259622638384,0.683805487625825,0.03594843964212239,4,13,332,0.013408393036007946,0.03495698033242713,0.8136357677501768,10.0,True,2,0.9301246687565403,0.8995099971357187,0.028845927890519135,0.030614671620821654,False
0.9502090285816652,1.8993043718198037,0.027611368214120174,3,3,403,1.354484903617673,6.710458169946853,0.761803250848876,5.0,False,3,0.9232363914517879,0.897911711090871,0.03297719712862921,0.02532468036091695,False
0.5194815661551169,1.8547616530136786,0.02740735522767106,2,8,192,1.3340387128537146,0.011934970720807432,0.9257873930355743,5.0,True,3,0.9274244199776744,0.8969452379777083,0.03738803962983545,0.030479181999966132,False
0.5376731280030641,0.9170910578615455,0.017716624399511986,1,3,227,0.02390878696824178,0.2008576471118702,0.9376852562905246,20.0,False,3,0.9185986407953262,0.8958336752876356,0.031975238992694076,0.022764965507690582,False
0.5979914312095727,0.1356818667316142,0.02650113770745898,4,13,437,0.09915280603223595,0.8647353196186649,0.9861021229056552,5.0,True,2,0.9326556632802199,0.8953562496432316,0.03326959197802962,0.0372994136369883,False
0.9909204441552655,2.51680050620809,0.13164737893290213,1,4,269,1.1035062555482735,0.15452548361079105,0.6508242050607539,5.0,False,2,0.9204602594993571,0.8949515699431174,0.02710515221017248,0.02550868955623964,False
0.7171971827552144,1.050235223084027,0.06907148994619694,3,1,416,0.07022655082137204,0.7730418738052136,0.9074216057225236,5.0,False,3,0.9427155821690733,0.8949304106505999,0.03258060440921424,0.04778517151847339,False
0.8403527257773834,1.5928037499514092,0.038245410672653614,2,7,423,0.0019910126935859,0.1660505993467854,0.6968639753109703,10.0,False,2,0.9265641079021071,0.894582441382196,0.025811446031499652,0.03198166651991108,False
0.6467959221322467,2.428083466435541,0.11323529774198969,1,8,112,0.002003615698794029,0.010401964985411877,0.8511577659794545,5.0,False,3,0.930190239402684,0.8942693287207618,0.030918282575672713,0.03592091068192216,False
0.5079831261101071,0.692681476866447,0.020586445222604645,4,7,363,0.0013403002793227006,10.039080181561518,0.7035119926400067,10.0,False,3,0.9223313077935813,0.8937717537478009,0.031245513362491144,0.028559554045780366,False
0.6872700594236812,2.8521429192297485,0.08960785365368121,1,5,202,0.04457814368987925,0.02138061513134765,0.7836995567863468,5.0,False,3,0.9299389286703448,0.8936827104258145,0.03802278031114708,0.03625621824453029,False
0.855574766219009,2.4285031384191464,0.02842005459900729,3,4,227,0.08225204705637795,5.825137581917712,0.8702760468157122,5.0,True,3,0.9241789875288777,0.8935815706559096,0.03305404511003447,0.03059741687296813,False
0.7159725093210578,0.8736874205941257,0.06252287916406217,2,12,287,0.022654864504851786,0.3202585241999403,0.9140703845572055,20.0,False,2,0.9283363658135174,0.8935045332292626,0.021878111902322868,0.03483183258425482,False
0.647816842918857,0.3164827794908118,0.03926134471471698,4,12,439,2.0023913591792035,0.6030938759418331,0.922976062065625,5.0,True,3,0.9322723792585368,0.8934331246778671,0.04396299615956928,0.038839254580669724,False
0.7291264452457583,1.6368503679478048,0.1678316854817074,3,1,267,2.2328773484129063,0.04429068619185513,0.6277445203500661,20.0,False,3,0.9304156090489031,0.8930572898492077,0.04056952594757728,0.037358319199695345,False
0.7349722569954715,0.8386810253902758,0.14107570327951818,4,9,136,2.7153293722004457,0.25908884637579477,0.9866619276174678,20.0,False,2,0.9183580353228337,0.8928953904071703,0.03131740208944795,0.025462644915663413,False
0.6039708314340944,1.7031009834599744,0.010983469104801176,2,10,143,2.9866092370009407,8.991909447343753,0.8391599915244341,20.0,False,3,0.9149688312950401,0.8928921943568691,0.03795499426669133,0.02207663693817108,False
0.6540303959261946,1.6276206916646978,0.04591793788045706,2,7,121,0.007989330223068152,16.29059801974734,0.7572390898667042,10.0,False,2,0.9133219391189591,0.8915316765338794,0.03077364971410685,0.021790262585079656,False
0.5485882468853842,1.8450216800975092,0.1941287044914516,2,11,485,0.015599317652259954,6.331176916138152,0.6546485325768115,10.0,False,2,0.9220345558018439,0.8913296769165399,0.025951129298173784,0.030704878885304043,False
0.9623468091392814,2.632018060142943,0.021656576046896393,4,10,211,0.11315432245150112,0.5602636501180513,0.6967409163601807,10.0,False,2,0.9173645686174616,0.891260369310124,0.0279446148120745,0.02610419930733765,False
0.9916154429033941,1.4002886797439398,0.13146443027030746,3,5,428,0.0017402990823522548,13.561246837383383,0.9862528132298237,10.0,False,2,0.9198629670716393,0.8911811856347583,0.030547107212923384,0.028681781436880938,False
0.8540362888980227,0.06175348288740734,0.18276027831785724,4,14,393,0.0010066549455110326,18.850380425501868,0.8469926038510867,10.0,False,2,0.9314392960495489,0.890875263731529,0.02746459650727217,0.04056403231801986,False
0.9537832369630466,0.7478766874466248,0.03419168411765895,3,13,135,3.0731734742971177,0.9481408718010768,0.8779139732158818,10.0,False,2,0.9135754211210567,0.8908120570738369,0.028500670953034535,0.022763364047219792,False
0.5420699824975244,0.4848861422838413,0.1475862683680447,4,14,326,0.023826639099661994,12.688453530445427,0.989465534702127,10.0,False,3,0.933954960038901,0.8904877664849545,0.03381549371196858,0.04346719355394646,False
0.857297552089976,0.12320255030362737,0.03302767144784029,3,12,157,0.001950777784684802,0.012125050732903916,0.98505936587117,20.0,True,2,0.9284196687326443,0.8900809006613659,0.024604604887799243,0.03833876807127834,False
0.6983919136069442,0.1523055931181908,0.14240180869285263,3,12,453,0.002226570118819413,0.8108118575651124,0.6143769095186968,5.0,False,2,0.9273816790252962,0.8900784472065434,0.022452499284067756,0.037303231818752836,False
0.8329611783087483,1.7738933631231815,0.022773054901220474,3,1,326,0.002769335216182953,2.2617387400120164,0.9043140194467589,10.0,True,2,0.9290137396892872,0.8895561644916686,0.02774263393527792,0.03945757519761861,False
0.8419818846990705,1.8475534931697415,0.16905627294645117,2,1,483,0.22596325265047895,4.405119018292904,0.8708673369531927,20.0,False,2,0.9234644394067354,0.8890978523014251,0.027522569108529352,0.034366587105310265,False
0.8161529152967897,1.900589132282684,0.04978046337881613,4,1,300,0.015365823428370607,0.04127653164610318,0.6163100566219055,20.0,False,2,0.9290805779921245,0.8889437224184518,0.028011239570755672,0.04013685557367275,False
0.8029799873905057,2.778902635540047,0.07031868485129121,4,7,300,0.20209756220944194,0.12368137521979528,0.6254233401144095,20.0,False,3,0.9310388425627408,0.888755835697791,0.03533968829100129,0.04228300686494979,False
0.8442499503826832,0.17458078652533082,0.15513883009081958,3,2,195,0.10754072458520418,2.28508613720147,0.8640789506870925,5.0,True,3,0.9891547278140657,0.8883635837733068,0.04436475682553149,0.10079114404075884,False
0.7583481287132834,1.9713339855005005,0.03688276822772607,1,7,175,0.12409510845884539,0.03339617148040819,0.6480658591222569,5.0,False,3,0.9256546519558861,0.8877255079575427,0.04045378070187815,0.03792914399834346,False
0.635771457909871,2.8957554911723093,0.039347368373725884,2,13,471,0.033234240320316494,2.0375618007146783,0.6553412369671205,5.0,False,3,0.925334466190642,0.8877255079575427,0.04045378070187815,0.03760895823309929,False
0.5599326836668415,1.0128455142108839,0.16855972264420166,2,8,332,0.03117294859715347,0.016376129130033355,0.7015661655737379,10.0,True,3,0.9465210119950977,0.885009986285936,0.04035370644538273,0.06151102570916178,False
0.856135294962221,0.4442607898601997,0.19865079111049344,3,1,101,0.07234268585962396,0.014788798853215396,0.7114585856946446,5.0,True,2,0.9897089517553077,0.8792255911679829,0.028385167068078802,0.11048336058732477,False
0.9010984903770198,0.22365193103931247,0.19229567074543377,4,1,235,0.0010481565330759974,4.9188393156326695,0.8827429375390468,20.0,True,2,0.987087234500143,0.8790331813714506,0.02779099046725313,0.10805405312869243,False
0.6280341613806619,0.12130076861529404,0.0840608420892158,2,10,479,0.0025066122177101993,0.012698390685801359,0.8545641645055122,5.0,False,3,0.9521258886776558,0.8789199437279802,0.025485949509588726,0.07320594494967558,False
0.5230013210108764,0.12218640695691041,0.1297119176359951,4,5,303,0.0011573864695186746,3.3104639123252775,0.9227651908203118,5.0,False,3,0.9832562858476127,0.8756353961652795,0.035593488129175684,0.10762088968233319,False
0.8248868413213817,0.14417677259110118,0.17173826340550633,4,2,279,0.024304171705007687,1.1640787325773494,0.8012545034320351,5.0,False,2,0.9975265848902595,0.8751937816891999,0.030357993629568595,0.12233280320105955,False
