param_clf__batch_size,param_clf__class_weight,param_clf__dropout,param_clf__lr,param_clf__n_layers,param_clf__weight_decay,param_clf__width,param_gmm__clip,mean_train_score,mean_test_score,std_test_score,gap,chosen
64,,0.24735440373323492,0.0008798972503072106,1,1.3783237455007187e-05,128,5.0,0.9168014618219352,0.8960570908130652,0.03811895254452451,0.020744371008870055,True
32,balanced,0.2736932106048628,0.001034953955791433,3,0.0006760673666959451,128,5.0,0.9177746241789059,0.8911935353397125,0.03138914726940526,0.026581088839193412,False
32,,0.066106775625201,0.00031349208387398893,1,0.0020736445177905022,128,5.0,0.9176172164653205,0.8904640329029707,0.03613429145966664,0.027153183562349748,False
64,,0.10351199264000677,0.0019347429795778545,2,0.00018856783874794973,64,10.0,0.9065156544654844,0.8860777979845269,0.03473733348412433,0.020437856480957528,False
32,,0.02602063719411181,0.0043302788313029535,2,0.002661901888489057,32,10.0,0.911052905395359,0.87862436250049,0.039871730772483564,0.03242854289486896,False
32,balanced,0.009224970016566303,0.0013131565890620186,3,2.621087878265438e-05,128,10.0,0.9185758858123888,0.8744669403346098,0.0222547043310748,0.044108945477778994,False
32,,0.18369955678634686,0.000767118937282096,3,1.1527987128232394e-05,64,10.0,0.9069974162315624,0.872466522343618,0.0331798991140795,0.03453089388794439,False
32,balanced,0.3802857225639665,0.002352378152341783,1,0.0006173770394704573,64,5.0,0.8967213592167635,0.871942037974641,0.020861620731707595,0.024779321242122565,False
64,,0.0353970008207678,0.0005206941160809006,1,0.00764743990754351,32,10.0,0.8848898169265098,0.8706382205124255,0.03319182478982833,0.014251596414084355,False
64,balanced,0.012525316982223434,0.003208232643225199,2,0.00015326772391384085,64,5.0,0.9047824289355407,0.866688852471585,0.024754857164969096,0.038093576463955725,False
32,balanced,0.21587685295563191,0.0015633003777293392,1,6.963114377829287e-05,32,5.0,0.900290789218775,0.8663491977188149,0.0280554659861153,0.03394159149996012,False
64,balanced,0.08493564427131046,0.000500361474375287,1,0.0007119418600172991,64,10.0,0.8932251954169302,0.86269979171603,0.023152318402193547,0.03052540370090029,False
