show_id,genre,oof_P_Comedy,oof_P_Drama,oof_P_Reality,oof_pred,P_given_label,suspect_label
TR0150,Drama,0.967,0.011,0.022,Comedy,0.011,True
TR0408,Drama,0.868,0.011,0.12,Comedy,0.011,True
TR0250,Comedy,0.012,0.958,0.03,Drama,0.012,True
TR0009,Drama,0.963,0.012,0.025,Comedy,0.012,True
TR0371,Reality,0.014,0.975,0.012,Drama,0.012,True
TR0394,Drama,0.959,0.013,0.028,Comedy,0.013,True
TR0192,Drama,0.936,0.018,0.046,Comedy,0.018,True
TR0391,Drama,0.009,0.019,0.972,Reality,0.019,True
TR0443,Reality,0.971,0.009,0.02,Comedy,0.02,True
TR0433,Drama,0.952,0.023,0.024,Comedy,0.023,True
TR0471,Drama,0.916,0.025,0.059,Comedy,0.025,True
TR0055,Reality,0.939,0.036,0.025,Comedy,0.025,True
TR0057,Reality,0.944,0.03,0.026,Comedy,0.026,True
TR0001,Reality,0.959,0.014,0.026,Comedy,0.026,True
TR0229,Reality,0.953,0.02,0.027,Comedy,0.027,True
TR0579,Reality,0.033,0.939,0.027,Drama,0.027,True
TR0500,Drama,0.941,0.033,0.026,Comedy,0.033,True
TR0364,Reality,0.948,0.013,0.038,Comedy,0.038,True
TR0529,Comedy,0.04,0.235,0.725,Reality,0.04,False
TR0240,Reality,0.884,0.076,0.041,Comedy,0.041,True
TR0326,Drama,0.926,0.044,0.03,Comedy,0.044,True
TR0219,Drama,0.856,0.045,0.099,Comedy,0.045,True
TR0235,Drama,0.49,0.047,0.463,Comedy,0.047,False
TR0559,Reality,0.939,0.013,0.048,Comedy,0.048,True
TR0452,Drama,0.215,0.05,0.735,Reality,0.05,False
TR0217,Reality,0.899,0.035,0.066,Comedy,0.066,True
TR0571,Reality,0.886,0.031,0.083,Comedy,0.083,True
TR0570,Drama,0.853,0.086,0.061,Comedy,0.086,True
TR0178,Drama,0.728,0.086,0.185,Comedy,0.086,False
TR0279,Comedy,0.088,0.79,0.122,Drama,0.088,False
TR0376,Reality,0.891,0.019,0.09,Comedy,0.09,True
TR0513,Comedy,0.092,0.259,0.649,Reality,0.092,False
TR0002,Reality,0.88,0.026,0.094,Comedy,0.094,True
TR0190,Reality,0.878,0.025,0.097,Comedy,0.097,True
TR0281,Drama,0.366,0.098,0.536,Reality,0.098,False
TR0064,Reality,0.009,0.885,0.105,Drama,0.105,True
TR0006,Drama,0.077,0.11,0.812,Reality,0.11,True
TR0258,Reality,0.868,0.017,0.114,Comedy,0.114,True
TR0170,Reality,0.848,0.021,0.13,Comedy,0.13,True
TR0530,Drama,0.011,0.144,0.845,Reality,0.144,True
TR0112,Reality,0.033,0.823,0.145,Drama,0.145,True
TR0446,Reality,0.828,0.024,0.147,Comedy,0.147,True
TR0476,Drama,0.01,0.187,0.803,Reality,0.187,True
TR0130,Reality,0.783,0.03,0.187,Comedy,0.187,False
TR0287,Comedy,0.199,0.042,0.759,Reality,0.199,False
TR0049,Drama,0.03,0.307,0.663,Reality,0.307,False
TR0183,Reality,0.186,0.504,0.31,Drama,0.31,False
TR0301,Reality,0.413,0.268,0.319,Comedy,0.319,False
TR0546,Reality,0.58,0.088,0.331,Comedy,0.331,False
TR0224,Reality,0.633,0.014,0.353,Comedy,0.353,False
TR0366,Drama,0.006,0.375,0.619,Reality,0.375,False
TR0573,Comedy,0.377,0.521,0.102,Drama,0.377,False
TR0489,Reality,0.005,0.608,0.387,Drama,0.387,False
TR0004,Comedy,0.389,0.583,0.028,Drama,0.389,False
TR0202,Reality,0.006,0.593,0.401,Drama,0.401,False
TR0022,Drama,0.555,0.41,0.034,Comedy,0.41,False
TR0577,Reality,0.005,0.553,0.442,Drama,0.442,False
TR0548,Reality,0.183,0.36,0.457,Reality,0.457,False
TR0098,Reality,0.01,0.506,0.484,Drama,0.484,False
TR0020,Comedy,0.492,0.493,0.015,Drama,0.492,False
TR0420,Comedy,0.5,0.329,0.171,Comedy,0.5,False
TR0383,Drama,0.416,0.529,0.055,Drama,0.529,False
TR0481,Reality,0.011,0.452,0.538,Reality,0.538,False
TR0357,Comedy,0.545,0.368,0.087,Comedy,0.545,False
TR0256,Drama,0.033,0.549,0.418,Drama,0.549,False
TR0230,Comedy,0.568,0.021,0.411,Comedy,0.568,False
TR0054,Comedy,0.575,0.072,0.353,Comedy,0.575,False
TR0538,Reality,0.006,0.393,0.601,Reality,0.601,False
TR0405,Drama,0.287,0.615,0.098,Drama,0.615,False
TR0365,Reality,0.006,0.371,0.623,Reality,0.623,False
TR0008,Drama,0.005,0.633,0.362,Drama,0.633,False
TR0509,Comedy,0.64,0.345,0.015,Comedy,0.64,False
TR0232,Comedy,0.643,0.281,0.077,Comedy,0.643,False
TR0139,Comedy,0.65,0.074,0.275,Comedy,0.65,False
TR0382,Comedy,0.658,0.028,0.314,Comedy,0.658,False
TR0226,Comedy,0.662,0.051,0.287,Comedy,0.662,False
TR0047,Reality,0.006,0.331,0.663,Reality,0.663,False
TR0146,Comedy,0.665,0.145,0.19,Comedy,0.665,False
TR0303,Comedy,0.67,0.314,0.016,Comedy,0.67,False
TR0223,Comedy,0.672,0.022,0.306,Comedy,0.672,False
TR0264,Reality,0.161,0.165,0.674,Reality,0.674,False
TR0360,Comedy,0.685,0.029,0.285,Comedy,0.685,False
TR0069,Comedy,0.695,0.24,0.065,Comedy,0.695,False
TR0094,Drama,0.005,0.696,0.299,Drama,0.696,False
TR0159,Drama,0.207,0.698,0.095,Drama,0.698,False
TR0574,Comedy,0.705,0.177,0.119,Comedy,0.705,False
TR0515,Comedy,0.709,0.014,0.277,Comedy,0.709,False
TR0024,Reality,0.005,0.285,0.71,Reality,0.71,False
TR0005,Drama,0.258,0.717,0.025,Drama,0.717,False
TR0597,Comedy,0.729,0.014,0.257,Comedy,0.729,False
TR0175,Reality,0.011,0.256,0.733,Reality,0.733,False
TR0011,Drama,0.008,0.736,0.256,Drama,0.736,False
TR0082,Comedy,0.741,0.119,0.14,Comedy,0.741,False
TR0062,Drama,0.139,0.745,0.116,Drama,0.745,False
TR0100,Comedy,0.749,0.02,0.231,Comedy,0.749,False
TR0403,Comedy,0.751,0.033,0.216,Comedy,0.751,False
TR0135,Comedy,0.754,0.016,0.229,Comedy,0.754,False
TR0320,Drama,0.083,0.759,0.158,Drama,0.759,False
TR0575,Reality,0.01,0.223,0.767,Reality,0.767,False
TR0242,Comedy,0.772,0.036,0.191,Comedy,0.772,False
TR0347,Comedy,0.772,0.015,0.213,Comedy,0.772,False
TR0030,Drama,0.006,0.774,0.22,Drama,0.774,False
TR0058,Reality,0.021,0.204,0.775,Reality,0.775,False
TR0010,Drama,0.187,0.775,0.038,Drama,0.775,False
TR0236,Comedy,0.776,0.015,0.209,Comedy,0.776,False
TR0280,Comedy,0.776,0.196,0.028,Comedy,0.776,False
TR0198,Drama,0.01,0.778,0.213,Drama,0.778,False
TR0132,Comedy,0.792,0.149,0.059,Comedy,0.792,False
TR0520,Comedy,0.799,0.111,0.09,Comedy,0.799,False
TR0367,Comedy,0.8,0.014,0.186,Comedy,0.8,False
TR0512,Comedy,0.801,0.133,0.066,Comedy,0.801,False
TR0007,Drama,0.01,0.805,0.185,Drama,0.805,False
TR0275,Comedy,0.809,0.054,0.137,Comedy,0.809,False
TR0090,Drama,0.015,0.809,0.176,Drama,0.809,False
TR0182,Reality,0.16,0.019,0.822,Reality,0.822,False
TR0081,Comedy,0.826,0.015,0.159,Comedy,0.826,False
TR0464,Drama,0.008,0.828,0.164,Drama,0.828,False
TR0106,Comedy,0.829,0.101,0.07,Comedy,0.829,False
TR0290,Comedy,0.83,0.018,0.153,Comedy,0.83,False
TR0060,Comedy,0.832,0.014,0.155,Comedy,0.832,False
TR0466,Reality,0.021,0.147,0.832,Reality,0.832,False
TR0147,Comedy,0.835,0.131,0.035,Comedy,0.835,False
TR0095,Comedy,0.839,0.029,0.132,Comedy,0.839,False
TR0251,Drama,0.12,0.845,0.035,Drama,0.845,False
TR0485,Drama,0.111,0.849,0.04,Drama,0.849,False
TR0429,Comedy,0.85,0.019,0.131,Comedy,0.85,False
TR0225,Comedy,0.85,0.054,0.096,Comedy,0.85,False
TR0312,Drama,0.107,0.851,0.042,Drama,0.851,False
TR0507,Comedy,0.851,0.028,0.121,Comedy,0.851,False
TR0282,Comedy,0.852,0.066,0.082,Comedy,0.852,False
TR0109,Comedy,0.855,0.025,0.12,Comedy,0.855,False
TR0580,Comedy,0.856,0.018,0.126,Comedy,0.856,False
TR0307,Reality,0.031,0.112,0.857,Reality,0.857,False
TR0474,Comedy,0.858,0.014,0.128,Comedy,0.858,False
TR0400,Comedy,0.859,0.034,0.106,Comedy,0.859,False
TR0591,Comedy,0.86,0.058,0.083,Comedy,0.86,False
TR0087,Comedy,0.861,0.02,0.118,Comedy,0.861,False
TR0422,Comedy,0.863,0.027,0.109,Comedy,0.863,False
TR0442,Reality,0.031,0.106,0.863,Reality,0.863,False
TR0284,Comedy,0.865,0.076,0.059,Comedy,0.865,False
TR0238,Comedy,0.866,0.046,0.088,Comedy,0.866,False
TR0091,Comedy,0.866,0.04,0.094,Comedy,0.866,False
TR0204,Drama,0.009,0.868,0.123,Drama,0.868,False
TR0427,Comedy,0.869,0.089,0.042,Comedy,0.869,False
TR0437,Comedy,0.869,0.012,0.119,Comedy,0.869,False
TR0270,Comedy,0.87,0.047,0.084,Comedy,0.87,False
TR0441,Comedy,0.87,0.073,0.057,Comedy,0.87,False
TR0541,Comedy,0.87,0.083,0.047,Comedy,0.87,False
TR0522,Drama,0.011,0.872,0.117,Drama,0.872,False
TR0118,Comedy,0.873,0.105,0.022,Comedy,0.873,False
TR0463,Comedy,0.873,0.044,0.083,Comedy,0.873,False
TR0518,Comedy,0.873,0.096,0.03,Comedy,0.873,False
TR0286,Comedy,0.873,0.033,0.094,Comedy,0.873,False
TR0598,Comedy,0.874,0.051,0.075,Comedy,0.874,False
TR0525,Reality,0.009,0.117,0.874,Reality,0.874,False
TR0352,Drama,0.01,0.875,0.115,Drama,0.875,False
TR0209,Comedy,0.875,0.083,0.043,Comedy,0.875,False
TR0560,Comedy,0.876,0.088,0.036,Comedy,0.876,False
TR0495,Comedy,0.876,0.025,0.099,Comedy,0.876,False
TR0152,Comedy,0.879,0.063,0.058,Comedy,0.879,False
TR0323,Drama,0.011,0.88,0.109,Drama,0.88,False
TR0314,Drama,0.022,0.88,0.098,Drama,0.88,False
TR0266,Comedy,0.88,0.066,0.054,Comedy,0.88,False
TR0334,Comedy,0.88,0.02,0.1,Comedy,0.88,False
TR0073,Comedy,0.881,0.082,0.037,Comedy,0.881,False
TR0454,Comedy,0.881,0.035,0.084,Comedy,0.881,False
TR0035,Comedy,0.881,0.025,0.095,Comedy,0.881,False
TR0465,Comedy,0.881,0.064,0.055,Comedy,0.881,False
TR0203,Comedy,0.882,0.054,0.064,Comedy,0.882,False
TR0542,Reality,0.082,0.036,0.882,Reality,0.882,False
TR0516,Comedy,0.882,0.021,0.097,Comedy,0.882,False
TR0249,Comedy,0.882,0.073,0.045,Comedy,0.882,False
TR0021,Drama,0.01,0.882,0.109,Drama,0.882,False
TR0551,Comedy,0.883,0.085,0.032,Comedy,0.883,False
TR0370,Comedy,0.884,0.044,0.071,Comedy,0.884,False
TR0315,Comedy,0.885,0.038,0.076,Comedy,0.885,False
TR0561,Reality,0.012,0.102,0.886,Reality,0.886,False
TR0105,Comedy,0.886,0.037,0.077,Comedy,0.886,False
TR0310,Comedy,0.886,0.029,0.085,Comedy,0.886,False
TR0025,Comedy,0.888,0.035,0.076,Comedy,0.888,False
TR0375,Comedy,0.893,0.085,0.021,Comedy,0.893,False
TR0341,Comedy,0.897,0.068,0.035,Comedy,0.897,False
TR0517,Comedy,0.897,0.012,0.092,Comedy,0.897,False
TR0306,Comedy,0.897,0.046,0.057,Comedy,0.897,False
TR0056,Comedy,0.897,0.06,0.043,Comedy,0.897,False
TR0273,Drama,0.007,0.898,0.095,Drama,0.898,False
TR0083,Comedy,0.9,0.016,0.084,Comedy,0.9,False
TR0418,Comedy,0.901,0.078,0.021,Comedy,0.901,False
TR0042,Comedy,0.901,0.024,0.076,Comedy,0.901,False
TR0125,Comedy,0.901,0.055,0.043,Comedy,0.901,False
TR0477,Drama,0.009,0.902,0.09,Drama,0.902,False
TR0259,Comedy,0.902,0.076,0.021,Comedy,0.902,False
TR0460,Comedy,0.903,0.051,0.046,Comedy,0.903,False
TR0342,Comedy,0.904,0.037,0.059,Comedy,0.904,False
TR0111,Comedy,0.905,0.022,0.073,Comedy,0.905,False
TR0308,Comedy,0.906,0.045,0.049,Comedy,0.906,False
TR0324,Comedy,0.908,0.024,0.068,Comedy,0.908,False
TR0163,Comedy,0.908,0.021,0.071,Comedy,0.908,False
TR0401,Reality,0.015,0.077,0.908,Reality,0.908,False
TR0473,Comedy,0.909,0.029,0.062,Comedy,0.909,False
TR0317,Comedy,0.91,0.012,0.077,Comedy,0.91,False
TR0093,Comedy,0.91,0.043,0.047,Comedy,0.91,False
TR0390,Comedy,0.91,0.069,0.021,Comedy,0.91,False
TR0377,Comedy,0.911,0.02,0.069,Comedy,0.911,False
TR0000,Comedy,0.911,0.019,0.07,Comedy,0.911,False
TR0143,Comedy,0.912,0.015,0.073,Comedy,0.912,False
TR0567,Comedy,0.913,0.019,0.067,Comedy,0.913,False
TR0337,Comedy,0.914,0.046,0.04,Comedy,0.914,False
TR0153,Comedy,0.914,0.052,0.035,Comedy,0.914,False
TR0041,Comedy,0.915,0.027,0.058,Comedy,0.915,False
TR0519,Drama,0.055,0.915,0.03,Drama,0.915,False
TR0555,Comedy,0.916,0.065,0.019,Comedy,0.916,False
TR0339,Comedy,0.917,0.017,0.066,Comedy,0.917,False
TR0085,Comedy,0.918,0.034,0.048,Comedy,0.918,False
TR0252,Comedy,0.919,0.037,0.044,Comedy,0.919,False
TR0494,Comedy,0.919,0.052,0.03,Comedy,0.919,False
TR0248,Comedy,0.919,0.026,0.055,Comedy,0.919,False
TR0423,Comedy,0.919,0.048,0.033,Comedy,0.919,False
TR0544,Comedy,0.919,0.017,0.065,Comedy,0.919,False
TR0272,Comedy,0.92,0.02,0.06,Comedy,0.92,False
TR0398,Comedy,0.92,0.046,0.033,Comedy,0.92,False
TR0165,Comedy,0.92,0.021,0.059,Comedy,0.92,False
TR0038,Comedy,0.921,0.042,0.037,Comedy,0.921,False
TR0210,Comedy,0.921,0.018,0.061,Comedy,0.921,False
TR0032,Comedy,0.921,0.041,0.038,Comedy,0.921,False
TR0484,Comedy,0.923,0.046,0.031,Comedy,0.923,False
TR0246,Comedy,0.923,0.038,0.039,Comedy,0.923,False
TR0578,Drama,0.017,0.923,0.06,Drama,0.923,False
TR0080,Comedy,0.924,0.025,0.051,Comedy,0.924,False
TR0557,Comedy,0.924,0.055,0.021,Comedy,0.924,False
TR0128,Comedy,0.924,0.045,0.031,Comedy,0.924,False
TR0265,Comedy,0.925,0.035,0.04,Comedy,0.925,False
TR0415,Drama,0.012,0.925,0.064,Drama,0.925,False
TR0581,Comedy,0.925,0.055,0.02,Comedy,0.925,False
TR0079,Comedy,0.925,0.011,0.065,Comedy,0.925,False
TR0084,Comedy,0.926,0.041,0.032,Comedy,0.926,False
TR0267,Comedy,0.926,0.044,0.03,Comedy,0.926,False
TR0497,Comedy,0.927,0.022,0.051,Comedy,0.927,False
TR0039,Comedy,0.927,0.027,0.046,Comedy,0.927,False
TR0171,Comedy,0.928,0.036,0.036,Comedy,0.928,False
TR0180,Comedy,0.928,0.047,0.026,Comedy,0.928,False
TR0475,Comedy,0.928,0.031,0.04,Comedy,0.928,False
TR0126,Comedy,0.928,0.039,0.033,Comedy,0.928,False
TR0421,Comedy,0.929,0.015,0.056,Comedy,0.929,False
TR0448,Comedy,0.929,0.049,0.022,Comedy,0.929,False
TR0086,Comedy,0.929,0.043,0.028,Comedy,0.929,False
TR0396,Comedy,0.929,0.045,0.027,Comedy,0.929,False
TR0014,Comedy,0.93,0.051,0.02,Comedy,0.93,False
TR0595,Comedy,0.93,0.052,0.018,Comedy,0.93,False
TR0355,Comedy,0.93,0.024,0.046,Comedy,0.93,False
TR0188,Comedy,0.93,0.046,0.024,Comedy,0.93,False
TR0456,Comedy,0.93,0.033,0.038,Comedy,0.93,False
TR0023,Comedy,0.93,0.036,0.034,Comedy,0.93,False
TR0302,Comedy,0.931,0.033,0.036,Comedy,0.931,False
TR0296,Drama,0.01,0.931,0.059,Drama,0.931,False
TR0479,Comedy,0.931,0.019,0.05,Comedy,0.931,False
TR0220,Comedy,0.931,0.035,0.035,Comedy,0.931,False
TR0199,Comedy,0.931,0.017,0.052,Comedy,0.931,False
TR0261,Comedy,0.931,0.032,0.037,Comedy,0.931,False
TR0161,Drama,0.012,0.932,0.056,Drama,0.932,False
TR0191,Comedy,0.933,0.029,0.038,Comedy,0.933,False
TR0239,Comedy,0.933,0.042,0.025,Comedy,0.933,False
TR0554,Comedy,0.933,0.027,0.04,Comedy,0.933,False
TR0283,Comedy,0.933,0.028,0.04,Comedy,0.933,False
TR0096,Comedy,0.933,0.013,0.054,Comedy,0.933,False
TR0537,Comedy,0.933,0.038,0.03,Comedy,0.933,False
TR0547,Comedy,0.933,0.04,0.027,Comedy,0.933,False
TR0309,Comedy,0.934,0.021,0.045,Comedy,0.934,False
TR0299,Comedy,0.934,0.014,0.052,Comedy,0.934,False
TR0253,Comedy,0.934,0.041,0.025,Comedy,0.934,False
TR0528,Comedy,0.934,0.023,0.043,Comedy,0.934,False
TR0381,Comedy,0.935,0.039,0.026,Comedy,0.935,False
TR0412,Drama,0.011,0.935,0.054,Drama,0.935,False
TR0447,Comedy,0.935,0.02,0.045,Comedy,0.935,False
TR0430,Comedy,0.935,0.037,0.029,Comedy,0.935,False
TR0564,Comedy,0.936,0.041,0.023,Comedy,0.936,False
TR0104,Comedy,0.936,0.022,0.042,Comedy,0.936,False
TR0110,Comedy,0.936,0.032,0.033,Comedy,0.936,False
TR0207,Comedy,0.936,0.023,0.041,Comedy,0.936,False
TR0155,Comedy,0.936,0.02,0.044,Comedy,0.936,False
TR0558,Comedy,0.937,0.027,0.036,Comedy,0.937,False
TR0127,Comedy,0.937,0.015,0.048,Comedy,0.937,False
TR0114,Comedy,0.937,0.022,0.041,Comedy,0.937,False
TR0501,Comedy,0.937,0.04,0.024,Comedy,0.937,False
TR0136,Reality,0.027,0.036,0.937,Reality,0.937,False
TR0407,Reality,0.027,0.035,0.937,Reality,0.937,False
TR0351,Comedy,0.938,0.019,0.043,Comedy,0.938,False
TR0189,Comedy,0.938,0.013,0.049,Comedy,0.938,False
TR0162,Comedy,0.938,0.02,0.042,Comedy,0.938,False
TR0234,Comedy,0.938,0.028,0.034,Comedy,0.938,False
TR0193,Drama,0.013,0.938,0.049,Drama,0.938,False
TR0499,Comedy,0.938,0.042,0.02,Comedy,0.938,False
TR0417,Comedy,0.938,0.02,0.043,Comedy,0.938,False
TR0313,Comedy,0.939,0.02,0.041,Comedy,0.939,False
TR0359,Reality,0.027,0.034,0.939,Reality,0.939,False
TR0594,Comedy,0.939,0.029,0.032,Comedy,0.939,False
TR0291,Comedy,0.939,0.024,0.037,Comedy,0.939,False
TR0378,Reality,0.02,0.041,0.939,Reality,0.939,False
TR0103,Reality,0.022,0.038,0.94,Reality,0.94,False
TR0467,Comedy,0.94,0.024,0.036,Comedy,0.94,False
TR0257,Comedy,0.94,0.015,0.045,Comedy,0.94,False
TR0335,Comedy,0.94,0.034,0.026,Comedy,0.94,False
TR0036,Comedy,0.94,0.025,0.035,Comedy,0.94,False
TR0227,Comedy,0.941,0.021,0.038,Comedy,0.941,False
TR0027,Comedy,0.941,0.025,0.034,Comedy,0.941,False
TR0142,Comedy,0.941,0.019,0.04,Comedy,0.941,False
TR0044,Comedy,0.941,0.026,0.034,Comedy,0.941,False
TR0586,Comedy,0.941,0.018,0.041,Comedy,0.941,False
TR0269,Comedy,0.942,0.021,0.037,Comedy,0.942,False
TR0211,Comedy,0.942,0.033,0.024,Comedy,0.942,False
TR0138,Drama,0.014,0.942,0.044,Drama,0.942,False
TR0263,Drama,0.018,0.942,0.04,Drama,0.942,False
TR0346,Comedy,0.942,0.016,0.041,Comedy,0.942,False
TR0348,Comedy,0.942,0.024,0.034,Comedy,0.942,False
TR0527,Reality,0.017,0.041,0.942,Reality,0.942,False
TR0384,Comedy,0.942,0.018,0.04,Comedy,0.942,False
TR0196,Comedy,0.942,0.032,0.026,Comedy,0.942,False
TR0075,Comedy,0.942,0.014,0.044,Comedy,0.942,False
TR0434,Comedy,0.942,0.026,0.032,Comedy,0.942,False
TR0379,Comedy,0.943,0.027,0.029,Comedy,0.943,False
TR0255,Comedy,0.943,0.024,0.033,Comedy,0.943,False
TR0393,Drama,0.011,0.943,0.045,Drama,0.943,False
TR0587,Comedy,0.943,0.025,0.032,Comedy,0.943,False
TR0063,Comedy,0.943,0.019,0.038,Comedy,0.943,False
TR0102,Comedy,0.943,0.028,0.029,Comedy,0.943,False
TR0212,Comedy,0.943,0.03,0.027,Comedy,0.943,False
TR0343,Comedy,0.943,0.021,0.035,Comedy,0.943,False
TR0289,Comedy,0.943,0.02,0.038,Comedy,0.943,False
TR0582,Comedy,0.943,0.016,0.041,Comedy,0.943,False
TR0260,Comedy,0.943,0.022,0.034,Comedy,0.943,False
TR0160,Comedy,0.944,0.025,0.031,Comedy,0.944,False
TR0445,Comedy,0.944,0.035,0.02,Comedy,0.944,False
TR0453,Comedy,0.944,0.016,0.04,Comedy,0.944,False
TR0496,Comedy,0.944,0.021,0.035,Comedy,0.944,False
TR0107,Comedy,0.944,0.022,0.034,Comedy,0.944,False
TR0134,Comedy,0.944,0.025,0.031,Comedy,0.944,False
TR0327,Comedy,0.944,0.02,0.036,Comedy,0.944,False
TR0392,Comedy,0.945,0.016,0.038,Comedy,0.945,False
TR0070,Comedy,0.945,0.02,0.035,Comedy,0.945,False
TR0305,Comedy,0.945,0.015,0.04,Comedy,0.945,False
TR0048,Comedy,0.945,0.021,0.034,Comedy,0.945,False
TR0076,Comedy,0.945,0.029,0.026,Comedy,0.945,False
TR0174,Comedy,0.945,0.021,0.034,Comedy,0.945,False
TR0395,Comedy,0.945,0.024,0.032,Comedy,0.945,False
TR0457,Comedy,0.945,0.036,0.019,Comedy,0.945,False
TR0470,Comedy,0.945,0.021,0.034,Comedy,0.945,False
TR0237,Comedy,0.945,0.029,0.026,Comedy,0.945,False
TR0344,Comedy,0.945,0.02,0.035,Comedy,0.945,False
TR0329,Comedy,0.945,0.021,0.034,Comedy,0.945,False
TR0487,Comedy,0.946,0.015,0.039,Comedy,0.946,False
TR0330,Comedy,0.946,0.017,0.037,Comedy,0.946,False
TR0169,Reality,0.022,0.031,0.946,Reality,0.946,False
TR0187,Comedy,0.946,0.022,0.033,Comedy,0.946,False
TR0037,Comedy,0.946,0.019,0.035,Comedy,0.946,False
TR0450,Comedy,0.946,0.035,0.019,Comedy,0.946,False
TR0488,Comedy,0.946,0.021,0.033,Comedy,0.946,False
TR0514,Comedy,0.947,0.015,0.038,Comedy,0.947,False
TR0137,Comedy,0.947,0.019,0.035,Comedy,0.947,False
TR0332,Comedy,0.947,0.025,0.028,Comedy,0.947,False
TR0358,Drama,0.02,0.947,0.034,Drama,0.947,False
TR0208,Comedy,0.947,0.022,0.031,Comedy,0.947,False
TR0040,Comedy,0.947,0.022,0.032,Comedy,0.947,False
TR0173,Comedy,0.947,0.015,0.038,Comedy,0.947,False
TR0017,Reality,0.016,0.036,0.948,Reality,0.948,False
TR0340,Comedy,0.948,0.025,0.027,Comedy,0.948,False
TR0583,Comedy,0.948,0.019,0.033,Comedy,0.948,False
TR0034,Comedy,0.948,0.009,0.042,Comedy,0.948,False
TR0362,Comedy,0.949,0.027,0.024,Comedy,0.949,False
TR0151,Comedy,0.949,0.028,0.023,Comedy,0.949,False
TR0156,Comedy,0.949,0.025,0.026,Comedy,0.949,False
TR0205,Drama,0.027,0.949,0.024,Drama,0.949,False
TR0194,Drama,0.019,0.949,0.032,Drama,0.949,False
TR0243,Comedy,0.949,0.021,0.03,Comedy,0.949,False
TR0356,Comedy,0.949,0.016,0.035,Comedy,0.949,False
TR0432,Comedy,0.949,0.025,0.026,Comedy,0.949,False
TR0088,Comedy,0.949,0.027,0.023,Comedy,0.949,False
TR0593,Comedy,0.949,0.026,0.026,Comedy,0.949,False
TR0553,Comedy,0.949,0.015,0.036,Comedy,0.949,False
TR0016,Reality,0.024,0.026,0.95,Reality,0.95,False
TR0350,Comedy,0.95,0.02,0.03,Comedy,0.95,False
TR0328,Reality,0.016,0.034,0.95,Reality,0.95,False
TR0349,Comedy,0.95,0.019,0.03,Comedy,0.95,False
TR0419,Comedy,0.95,0.022,0.029,Comedy,0.95,False
TR0431,Comedy,0.95,0.025,0.026,Comedy,0.95,False
TR0511,Reality,0.014,0.036,0.95,Reality,0.95,False
TR0089,Drama,0.016,0.95,0.034,Drama,0.95,False
TR0536,Reality,0.019,0.031,0.95,Reality,0.95,False
TR0505,Comedy,0.951,0.025,0.024,Comedy,0.951,False
TR0531,Comedy,0.951,0.013,0.036,Comedy,0.951,False
TR0549,Comedy,0.951,0.017,0.031,Comedy,0.951,False
TR0254,Comedy,0.951,0.018,0.03,Comedy,0.951,False
TR0274,Reality,0.007,0.042,0.951,Reality,0.951,False
TR0050,Comedy,0.951,0.025,0.025,Comedy,0.951,False
TR0124,Comedy,0.951,0.013,0.036,Comedy,0.951,False
TR0369,Reality,0.02,0.03,0.951,Reality,0.951,False
TR0455,Comedy,0.951,0.026,0.024,Comedy,0.951,False
TR0491,Comedy,0.951,0.021,0.028,Comedy,0.951,False
TR0380,Comedy,0.951,0.025,0.023,Comedy,0.951,False
TR0013,Drama,0.015,0.951,0.034,Drama,0.951,False
TR0569,Comedy,0.951,0.023,0.026,Comedy,0.951,False
TR0278,Comedy,0.951,0.017,0.032,Comedy,0.951,False
TR0119,Comedy,0.952,0.02,0.028,Comedy,0.952,False
TR0385,Drama,0.016,0.952,0.032,Drama,0.952,False
TR0599,Drama,0.015,0.952,0.033,Drama,0.952,False
TR0067,Comedy,0.952,0.026,0.022,Comedy,0.952,False
TR0311,Reality,0.015,0.032,0.952,Reality,0.952,False
TR0172,Drama,0.017,0.952,0.031,Drama,0.952,False
TR0572,Comedy,0.952,0.022,0.026,Comedy,0.952,False
TR0566,Comedy,0.952,0.015,0.033,Comedy,0.952,False
TR0215,Comedy,0.952,0.028,0.02,Comedy,0.952,False
TR0214,Comedy,0.952,0.018,0.03,Comedy,0.952,False
TR0469,Comedy,0.953,0.015,0.032,Comedy,0.953,False
TR0563,Drama,0.009,0.953,0.038,Drama,0.953,False
TR0051,Comedy,0.953,0.022,0.025,Comedy,0.953,False
TR0502,Comedy,0.953,0.017,0.029,Comedy,0.953,False
TR0468,Comedy,0.953,0.014,0.032,Comedy,0.953,False
TR0440,Comedy,0.953,0.018,0.029,Comedy,0.953,False
TR0333,Comedy,0.953,0.02,0.027,Comedy,0.953,False
TR0402,Comedy,0.953,0.019,0.027,Comedy,0.953,False
TR0113,Comedy,0.953,0.018,0.029,Comedy,0.953,False
TR0472,Comedy,0.953,0.024,0.023,Comedy,0.953,False
TR0592,Reality,0.017,0.029,0.954,Reality,0.954,False
TR0186,Comedy,0.954,0.019,0.027,Comedy,0.954,False
TR0409,Drama,0.024,0.954,0.022,Drama,0.954,False
TR0428,Comedy,0.954,0.022,0.024,Comedy,0.954,False
TR0145,Comedy,0.954,0.022,0.024,Comedy,0.954,False
TR0131,Drama,0.019,0.954,0.028,Drama,0.954,False
TR0413,Drama,0.016,0.954,0.029,Drama,0.954,False
TR0338,Reality,0.023,0.024,0.954,Reality,0.954,False
TR0292,Reality,0.008,0.038,0.954,Reality,0.954,False
TR0077,Comedy,0.954,0.019,0.027,Comedy,0.954,False
TR0490,Comedy,0.954,0.011,0.035,Comedy,0.954,False
TR0318,Comedy,0.954,0.016,0.03,Comedy,0.954,False
TR0568,Reality,0.015,0.029,0.955,Reality,0.955,False
TR0015,Drama,0.017,0.955,0.028,Drama,0.955,False
TR0584,Comedy,0.955,0.017,0.027,Comedy,0.955,False
TR0140,Drama,0.014,0.955,0.031,Drama,0.955,False
TR0523,Comedy,0.955,0.026,0.02,Comedy,0.955,False
TR0556,Drama,0.016,0.955,0.029,Drama,0.955,False
TR0295,Drama,0.017,0.955,0.027,Drama,0.955,False
TR0304,Comedy,0.955,0.022,0.024,Comedy,0.955,False
TR0052,Comedy,0.955,0.015,0.03,Comedy,0.955,False
TR0439,Comedy,0.955,0.016,0.029,Comedy,0.955,False
TR0154,Drama,0.014,0.955,0.031,Drama,0.955,False
TR0451,Comedy,0.955,0.014,0.031,Comedy,0.955,False
TR0462,Reality,0.014,0.031,0.955,Reality,0.955,False
TR0116,Reality,0.029,0.016,0.955,Reality,0.955,False
TR0389,Comedy,0.956,0.012,0.032,Comedy,0.956,False
TR0321,Drama,0.015,0.956,0.029,Drama,0.956,False
TR0493,Comedy,0.956,0.011,0.033,Comedy,0.956,False
TR0043,Drama,0.021,0.956,0.023,Drama,0.956,False
TR0300,Comedy,0.956,0.016,0.028,Comedy,0.956,False
TR0245,Reality,0.016,0.028,0.956,Reality,0.956,False
TR0247,Comedy,0.956,0.015,0.029,Comedy,0.956,False
TR0065,Drama,0.017,0.956,0.028,Drama,0.956,False
TR0482,Drama,0.019,0.956,0.024,Drama,0.956,False
TR0121,Drama,0.023,0.956,0.021,Drama,0.956,False
TR0078,Reality,0.018,0.025,0.956,Reality,0.956,False
TR0045,Drama,0.015,0.957,0.029,Drama,0.957,False
TR0029,Comedy,0.957,0.017,0.026,Comedy,0.957,False
TR0026,Comedy,0.957,0.014,0.028,Comedy,0.957,False
TR0397,Drama,0.019,0.957,0.024,Drama,0.957,False
TR0444,Drama,0.014,0.957,0.029,Drama,0.957,False
TR0458,Comedy,0.957,0.016,0.027,Comedy,0.957,False
TR0179,Reality,0.015,0.029,0.957,Reality,0.957,False
TR0167,Reality,0.012,0.031,0.957,Reality,0.957,False
TR0133,Comedy,0.957,0.013,0.03,Comedy,0.957,False
TR0071,Drama,0.016,0.957,0.027,Drama,0.957,False
TR0120,Drama,0.008,0.958,0.033,Drama,0.958,False
TR0426,Comedy,0.958,0.018,0.024,Comedy,0.958,False
TR0200,Comedy,0.958,0.014,0.028,Comedy,0.958,False
TR0325,Comedy,0.958,0.014,0.029,Comedy,0.958,False
TR0416,Drama,0.014,0.958,0.028,Drama,0.958,False
TR0158,Drama,0.019,0.958,0.023,Drama,0.958,False
TR0177,Drama,0.02,0.958,0.022,Drama,0.958,False
TR0506,Drama,0.013,0.958,0.029,Drama,0.958,False
TR0059,Comedy,0.958,0.016,0.026,Comedy,0.958,False
TR0410,Comedy,0.958,0.014,0.028,Comedy,0.958,False
TR0092,Comedy,0.959,0.017,0.025,Comedy,0.959,False
TR0543,Drama,0.019,0.959,0.023,Drama,0.959,False
TR0241,Comedy,0.959,0.017,0.025,Comedy,0.959,False
TR0157,Comedy,0.959,0.019,0.023,Comedy,0.959,False
TR0297,Comedy,0.959,0.016,0.025,Comedy,0.959,False
TR0406,Comedy,0.959,0.015,0.026,Comedy,0.959,False
TR0562,Drama,0.023,0.959,0.018,Drama,0.959,False
TR0117,Reality,0.02,0.021,0.959,Reality,0.959,False
TR0033,Comedy,0.96,0.017,0.024,Comedy,0.96,False
TR0585,Comedy,0.96,0.016,0.024,Comedy,0.96,False
TR0197,Drama,0.01,0.96,0.031,Drama,0.96,False
TR0184,Comedy,0.96,0.012,0.027,Comedy,0.96,False
TR0552,Comedy,0.96,0.013,0.026,Comedy,0.96,False
TR0164,Comedy,0.96,0.02,0.021,Comedy,0.96,False
TR0176,Comedy,0.96,0.012,0.027,Comedy,0.96,False
TR0510,Comedy,0.96,0.018,0.021,Comedy,0.96,False
TR0461,Comedy,0.96,0.018,0.021,Comedy,0.96,False
TR0019,Comedy,0.96,0.013,0.028,Comedy,0.96,False
TR0372,Comedy,0.961,0.016,0.023,Comedy,0.961,False
TR0231,Drama,0.017,0.961,0.022,Drama,0.961,False
TR0123,Drama,0.022,0.961,0.017,Drama,0.961,False
TR0336,Drama,0.017,0.961,0.022,Drama,0.961,False
TR0218,Comedy,0.961,0.017,0.021,Comedy,0.961,False
TR0388,Drama,0.018,0.961,0.021,Drama,0.961,False
TR0003,Drama,0.022,0.961,0.018,Drama,0.961,False
TR0534,Drama,0.01,0.962,0.028,Drama,0.962,False
TR0435,Comedy,0.962,0.017,0.021,Comedy,0.962,False
TR0438,Comedy,0.962,0.013,0.025,Comedy,0.962,False
TR0526,Drama,0.017,0.962,0.022,Drama,0.962,False
TR0201,Comedy,0.962,0.013,0.025,Comedy,0.962,False
TR0483,Comedy,0.962,0.012,0.026,Comedy,0.962,False
TR0550,Comedy,0.962,0.012,0.026,Comedy,0.962,False
TR0285,Comedy,0.963,0.013,0.024,Comedy,0.963,False
TR0222,Drama,0.02,0.963,0.017,Drama,0.963,False
TR0504,Drama,0.008,0.963,0.03,Drama,0.963,False
TR0508,Comedy,0.963,0.013,0.024,Comedy,0.963,False
TR0576,Comedy,0.963,0.013,0.024,Comedy,0.963,False
TR0414,Drama,0.02,0.963,0.017,Drama,0.963,False
TR0589,Comedy,0.963,0.013,0.023,Comedy,0.963,False
TR0271,Drama,0.02,0.963,0.017,Drama,0.963,False
TR0399,Reality,0.014,0.023,0.963,Reality,0.963,False
TR0425,Comedy,0.963,0.009,0.028,Comedy,0.963,False
TR0288,Drama,0.017,0.963,0.02,Drama,0.963,False
TR0293,Comedy,0.964,0.017,0.019,Comedy,0.964,False
TR0533,Comedy,0.964,0.012,0.024,Comedy,0.964,False
TR0524,Comedy,0.964,0.011,0.024,Comedy,0.964,False
TR0108,Drama,0.011,0.964,0.026,Drama,0.964,False
TR0141,Comedy,0.964,0.012,0.024,Comedy,0.964,False
TR0480,Reality,0.017,0.018,0.964,Reality,0.964,False
TR0486,Drama,0.016,0.964,0.02,Drama,0.964,False
TR0298,Comedy,0.964,0.009,0.027,Comedy,0.964,False
TR0386,Comedy,0.964,0.015,0.021,Comedy,0.964,False
TR0565,Comedy,0.964,0.01,0.026,Comedy,0.964,False
TR0588,Comedy,0.964,0.011,0.025,Comedy,0.964,False
TR0459,Comedy,0.964,0.012,0.024,Comedy,0.964,False
TR0213,Drama,0.015,0.965,0.02,Drama,0.965,False
TR0492,Comedy,0.965,0.015,0.02,Comedy,0.965,False
TR0368,Reality,0.013,0.022,0.965,Reality,0.965,False
TR0115,Comedy,0.965,0.011,0.023,Comedy,0.965,False
TR0322,Comedy,0.966,0.009,0.025,Comedy,0.966,False
TR0195,Comedy,0.966,0.011,0.023,Comedy,0.966,False
TR0319,Comedy,0.967,0.011,0.022,Comedy,0.967,False
TR0331,Comedy,0.967,0.011,0.022,Comedy,0.967,False
TR0221,Comedy,0.967,0.012,0.022,Comedy,0.967,False
TR0316,Reality,0.01,0.023,0.967,Reality,0.967,False
TR0129,Reality,0.011,0.022,0.967,Reality,0.967,False
TR0233,Drama,0.011,0.967,0.022,Drama,0.967,False
TR0149,Comedy,0.967,0.009,0.024,Comedy,0.967,False
TR0012,Reality,0.016,0.017,0.967,Reality,0.967,False
TR0206,Reality,0.017,0.014,0.968,Reality,0.968,False
TR0053,Drama,0.007,0.968,0.025,Drama,0.968,False
TR0061,Comedy,0.968,0.015,0.017,Comedy,0.968,False
TR0185,Drama,0.018,0.968,0.014,Drama,0.968,False
TR0503,Reality,0.017,0.015,0.968,Reality,0.968,False
TR0228,Reality,0.017,0.014,0.968,Reality,0.968,False
TR0101,Reality,0.018,0.014,0.969,Reality,0.969,False
TR0535,Drama,0.009,0.969,0.022,Drama,0.969,False
TR0277,Comedy,0.969,0.012,0.019,Comedy,0.969,False
TR0072,Drama,0.013,0.969,0.018,Drama,0.969,False
TR0539,Comedy,0.97,0.009,0.022,Comedy,0.97,False
TR0262,Drama,0.008,0.97,0.022,Drama,0.97,False
TR0028,Reality,0.01,0.02,0.97,Reality,0.97,False
TR0068,Reality,0.015,0.015,0.97,Reality,0.97,False
TR0478,Reality,0.01,0.02,0.97,Reality,0.97,False
TR0590,Drama,0.016,0.97,0.014,Drama,0.97,False
TR0498,Drama,0.012,0.971,0.017,Drama,0.971,False
TR0361,Comedy,0.971,0.009,0.021,Comedy,0.971,False
TR0353,Reality,0.01,0.019,0.971,Reality,0.971,False
TR0168,Comedy,0.971,0.012,0.018,Comedy,0.971,False
TR0216,Reality,0.01,0.018,0.972,Reality,0.972,False
TR0540,Comedy,0.972,0.01,0.018,Comedy,0.972,False
TR0354,Reality,0.006,0.022,0.972,Reality,0.972,False
TR0099,Reality,0.009,0.019,0.973,Reality,0.973,False
TR0345,Comedy,0.973,0.009,0.018,Comedy,0.973,False
TR0374,Drama,0.015,0.973,0.013,Drama,0.973,False
TR0144,Reality,0.011,0.016,0.973,Reality,0.973,False
TR0097,Drama,0.013,0.973,0.015,Drama,0.973,False
TR0268,Comedy,0.974,0.01,0.016,Comedy,0.974,False
TR0436,Reality,0.01,0.015,0.975,Reality,0.975,False
TR0596,Reality,0.013,0.012,0.975,Reality,0.975,False
TR0276,Reality,0.013,0.012,0.975,Reality,0.975,False
TR0166,Reality,0.013,0.012,0.975,Reality,0.975,False
TR0404,Reality,0.013,0.011,0.976,Reality,0.976,False
TR0449,Reality,0.012,0.011,0.976,Reality,0.976,False
TR0181,Reality,0.006,0.016,0.978,Reality,0.978,False
TR0018,Reality,0.007,0.014,0.979,Reality,0.979,False
TR0373,Drama,0.011,0.979,0.01,Drama,0.979,False
TR0387,Drama,0.009,0.979,0.012,Drama,0.979,False
TR0521,Drama,0.005,0.98,0.015,Drama,0.98,False
TR0244,Reality,0.006,0.014,0.98,Reality,0.98,False
TR0411,Reality,0.011,0.009,0.98,Reality,0.98,False
TR0545,Reality,0.007,0.013,0.98,Reality,0.98,False
TR0148,Reality,0.007,0.012,0.981,Reality,0.981,False
TR0532,Reality,0.007,0.011,0.982,Reality,0.982,False
TR0122,Reality,0.006,0.011,0.983,Reality,0.983,False
TR0031,Drama,0.007,0.983,0.01,Drama,0.983,False
TR0074,Drama,0.008,0.983,0.009,Drama,0.983,False
TR0363,Drama,0.01,0.984,0.006,Drama,0.984,False
TR0046,Reality,0.005,0.01,0.985,Reality,0.985,False
TR0066,Drama,0.009,0.985,0.007,Drama,0.985,False
TR0294,Drama,0.008,0.986,0.006,Drama,0.986,False
TR0424,Drama,0.007,0.987,0.005,Drama,0.987,False
