Model,Metric,mean,ci_low,ci_high
SSGMM,Accuracy,0.858725,0.8,0.9166666666666666
SSGMM,Specificity_w,0.8669012551677313,0.7934915392780134,0.9317817452080669
SSGMM,F1_w,0.8522555337127667,0.7833713513580193,0.9134253369657075
SSGMM,F1_macro,0.7948692400409691,0.7039284547162666,0.8787652183894515
SSGMM,AUC_macro,0.8714547412294766,0.7923444003783859,0.9430493865691142
SSGMM,Sens_Comedy,0.9588287916732326,0.9090909090909091,1.0
SSGMM,Sens_Drama,0.8093245892494145,0.6332407407407408,0.9523809523809523
SSGMM,Sens_Reality,0.5704514981716858,0.35703781512605043,0.7826863354037267
XGBoost,Accuracy,0.8733333333333334,0.8166666666666667,0.9333333333333333
XGBoost,Specificity_w,0.8594245627887716,0.7827933099756763,0.9270202712603979
XGBoost,F1_w,0.865155544885992,0.7979779178290918,0.9306261552229604
XGBoost,F1_macro,0.8128139575937459,0.7279316671857439,0.8964838036178712
XGBoost,AUC_macro,0.8831344729909383,0.8145001236150881,0.9474059115528269
XGBoost,Sens_Comedy,0.9855552215909191,0.9523809523809523,1.0
XGBoost,Sens_Drama,0.8060353056801873,0.636244019138756,0.944517543859649
XGBoost,Sens_Reality,0.5698427735701598,0.35714285714285715,0.8
SVM-RBF,Accuracy,0.8821083333333334,0.825,0.9416666666666667
SVM-RBF,Specificity_w,0.860351842520712,0.7842081000373273,0.9290222338935574
SVM-RBF,F1_w,0.8727826579092535,0.807154726782154,0.9380947121484888
SVM-RBF,F1_macro,0.8205418921562805,0.7314208506368356,0.902756318012576
SVM-RBF,AUC_macro,0.8736482568419774,0.8005647157669649,0.9363178676160376
SVM-RBF,Sens_Comedy,1.0,1.0,1.0
SVM-RBF,Sens_Drama,0.8068662371161911,0.6519409937888199,0.954594861660079
SVM-RBF,Sens_Reality,0.5636327078990648,0.3333333333333333,0.7778985507246375
