Model,fold,Accuracy,F1_macro,AUC_macro
SSGMM,0,0.9,0.8676728676728677,0.9185287625089303
SSGMM,1,0.9583333333333334,0.9332126696832579,0.9729581676538198
SSGMM,2,0.9166666666666666,0.8827577107042718,0.9508615072753632
SSGMM,3,0.85,0.7866930490496958,0.9388824398539738
SSGMM,4,0.9083333333333333,0.8884920634920634,0.9012451137924762
SSGMM,5,0.9083333333333333,0.8640259834849188,0.9460090619312588
SSGMM,6,0.925,0.8896358543417366,0.9333362892050916
SSGMM,7,0.8666666666666667,0.8303276567897853,0.922495041139738
SSGMM,8,0.9166666666666666,0.8885884107558012,0.946464108880314
SSGMM,9,0.8916666666666667,0.8518590342119753,0.9215042849065971
SSGMM,10,0.9166666666666666,0.8938171422288196,0.9463544347739618
SSGMM,11,0.9,0.8495060114053249,0.9454469951342568
SSGMM,12,0.9,0.8611904761904762,0.9212336534652351
SSGMM,13,0.8916666666666667,0.858931287502716,0.9119361599930919
SSGMM,14,0.9083333333333333,0.8799676869852308,0.956497245140012
XGBoost,0,0.8916666666666667,0.8415975422427034,0.9339595238893484
XGBoost,1,0.95,0.9280848641750898,0.9629564227764075
XGBoost,2,0.9083333333333333,0.873228933631618,0.9100367280664615
XGBoost,3,0.8583333333333333,0.8053234716705474,0.9269286492156404
XGBoost,4,0.9,0.8745391318920731,0.9001441299362217
XGBoost,5,0.8833333333333333,0.8189836895719248,0.9491381787842506
XGBoost,6,0.9166666666666666,0.8742251702141915,0.9374343124366007
XGBoost,7,0.875,0.8389381118300978,0.8963414227180332
XGBoost,8,0.9166666666666666,0.8885884107558012,0.9244299721565824
XGBoost,9,0.8833333333333333,0.837525219878161,0.9021603920078611
XGBoost,10,0.925,0.9031560395516997,0.934618644459987
XGBoost,11,0.9,0.8495060114053249,0.9311614008334069
XGBoost,12,0.9,0.8574561403508771,0.919154453925811
XGBoost,13,0.8916666666666667,0.858931287502716,0.9019714924941779
XGBoost,14,0.8916666666666667,0.8450354485674575,0.9432621597199464
SVM-RBF,0,0.8916666666666667,0.850947570947571,0.8950912057708397
SVM-RBF,1,0.9416666666666667,0.9100314889788574,0.9703271487184532
SVM-RBF,2,0.9166666666666666,0.882137049941928,0.9235406093312445
SVM-RBF,3,0.8583333333333333,0.80246515965834,0.9255804574467743
SVM-RBF,4,0.9,0.8745391318920731,0.907600772411809
SVM-RBF,5,0.9083333333333333,0.8622999807210333,0.9297016022828379
SVM-RBF,6,0.9166666666666666,0.8742251702141915,0.9339710807224155
SVM-RBF,7,0.875,0.8321276957038547,0.8974931394526658
SVM-RBF,8,0.9166666666666666,0.8885884107558012,0.9364734958828032
SVM-RBF,9,0.8833333333333333,0.837525219878161,0.9065669812050848
SVM-RBF,10,0.9166666666666666,0.8883414993090328,0.9470706964108947
SVM-RBF,11,0.9,0.8495060114053249,0.949208308668263
SVM-RBF,12,0.9083333333333333,0.866159711747947,0.9342995118148113
SVM-RBF,13,0.9,0.8682564065052545,0.893028626148222
SVM-RBF,14,0.9,0.8587654320987653,0.9351790800712397
