Model,test,level,Accuracy
SSGMM,noise_sd,0.0,0.8583333333333333
SSGMM,noise_sd,0.1,0.7416666666666667
SSGMM,noise_sd,0.25,0.475
SSGMM,noise_sd,0.5,0.325
SSGMM,missing,0.0,0.8583333333333333
SSGMM,missing,0.1,0.8166666666666667
SSGMM,missing,0.2,0.75
SSGMM,missing,0.3,0.7416666666666667
SSGMM,unit_error_no_cleaning,0.05,0.8583333333333333
SSGMM,unit_error_with_cleaning,0.05,0.8583333333333333
SSGMM,baseline,0.0,0.8583333333333333
XGBoost,noise_sd,0.0,0.875
XGBoost,noise_sd,0.1,0.7166666666666667
XGBoost,noise_sd,0.25,0.5
XGBoost,noise_sd,0.5,0.425
XGBoost,missing,0.0,0.875
XGBoost,missing,0.1,0.8166666666666667
XGBoost,missing,0.2,0.6916666666666667
XGBoost,missing,0.3,0.7833333333333333
XGBoost,unit_error_no_cleaning,0.05,0.875
XGBoost,unit_error_with_cleaning,0.05,0.875
XGBoost,baseline,0.0,0.875
SVM-RBF,noise_sd,0.0,0.8833333333333333
SVM-RBF,noise_sd,0.1,0.7083333333333334
SVM-RBF,noise_sd,0.25,0.55
SVM-RBF,noise_sd,0.5,0.39166666666666666
SVM-RBF,missing,0.0,0.8833333333333333
SVM-RBF,missing,0.1,0.8416666666666667
SVM-RBF,missing,0.2,0.7833333333333333
SVM-RBF,missing,0.3,0.725
SVM-RBF,unit_error_no_cleaning,0.05,0.8833333333333333
SVM-RBF,unit_error_with_cleaning,0.05,0.8833333333333333
SVM-RBF,baseline,0.0,0.8833333333333333
