Model,fraction,n,Train_acc,Test_acc,Test_F1
SSGMM,0.25,120,0.9166666666666666,0.875,0.8236024259553671
SSGMM,0.5,239,0.9205020920502092,0.8333333333333334,0.7627455390613286
SSGMM,0.75,360,0.9222222222222223,0.85,0.7777296777296777
SSGMM,1.0,480,0.9166666666666666,0.8583333333333333,0.7977435639974338
XGBoost,0.25,120,0.9416666666666667,0.875,0.8235124352771411
XGBoost,0.5,239,0.9246861924686193,0.8416666666666667,0.7592734063322298
XGBoost,0.75,360,0.9305555555555556,0.8583333333333333,0.7956843671129384
XGBoost,1.0,480,0.9333333333333333,0.875,0.8176139272913466
SVM-RBF,0.25,120,0.925,0.8666666666666667,0.8095472106971444
SVM-RBF,0.5,239,0.9288702928870293,0.8333333333333334,0.7627455390613286
SVM-RBF,0.75,360,0.925,0.8583333333333333,0.7854899665959575
SVM-RBF,1.0,480,0.9166666666666666,0.8833333333333333,0.8262515262515263
